entry_time,exit_time,dir,entry,exit,reason,pips_net,R,sl_pips,meta_day,meta_atr
2023-02-22 00:00:00+00:00,2023-02-22 13:00:00+00:00,1,134.989,134.53900000000002,SL,-45.99999999999886,-1.062222222222197,45.0,2023-02-21,153.2
2023-02-23 00:00:00+00:00,2023-02-24 00:11:00+00:00,1,134.932,134.482,SL,-45.99999999999886,-1.062222222222197,45.0,2023-02-22,150.5
2023-02-24 00:00:00+00:00,2023-02-24 00:53:00+00:00,1,134.623,134.173,SL,-45.99999999999886,-1.062222222222197,45.0,2023-02-23,135.8
2023-02-27 00:00:00+00:00,2023-02-27 14:55:00+00:00,1,136.423,135.973,SL,-45.99999999999886,-1.062222222222197,45.0,2023-02-24,140.8
2023-03-02 00:00:00+00:00,2023-03-02 13:58:00+00:00,1,136.19,137.09,TP,89.00000000000057,1.9377777777777905,45.0,2023-03-01,127.8
2023-03-03 00:00:00+00:00,2023-03-03 08:03:00+00:00,1,136.716,136.26600000000002,SL,-45.99999999999886,-1.062222222222197,45.0,2023-03-02,120.4
2023-03-09 00:00:00+00:00,2023-03-09 04:57:00+00:00,1,137.223,136.77300000000002,SL,-45.99999999999886,-1.062222222222197,45.0,2023-03-08,110.8
2023-03-22 00:00:00+00:00,2023-03-22 10:30:00+00:00,-1,132.401,132.851,SL,-45.99999999999886,-1.062222222222197,45.0,2023-03-21,179.0
2023-03-23 00:00:00+00:00,2023-03-23 12:42:00+00:00,-1,131.185,131.635,SL,-45.99999999999886,-1.062222222222197,45.0,2023-03-22,185.8
2023-03-24 00:00:00+00:00,2023-03-24 08:21:00+00:00,-1,130.867,129.96699999999998,TP,89.00000000000057,1.9377777777777905,45.0,2023-03-23,187.7
2023-05-01 01:00:00+00:00,2023-05-01 16:00:00+00:00,1,136.404,137.304,TP,89.00000000000057,1.9377777777777905,45.0,2023-04-28,119.8
2023-05-23 00:00:00+00:00,2023-05-24 21:33:00+00:00,1,138.543,139.443,TP,89.00000000000057,1.9377777777777905,45.0,2023-05-22,117.8
2023-05-24 01:00:00+00:00,2023-05-25 02:09:00+00:00,1,138.611,139.511,TP,89.00000000000057,1.9377777777777905,45.0,2023-05-23,108.7
2023-05-25 01:00:00+00:00,2023-05-25 20:36:00+00:00,1,139.294,140.19400000000002,TP,89.00000000000057,1.9377777777777905,45.0,2023-05-24,107.8
2023-05-26 00:00:00+00:00,2023-05-28 23:02:00+00:00,1,139.925,140.82500000000002,TP,89.00000000000057,1.9377777777777905,45.0,2023-05-25,109.4
2023-06-23 01:00:00+00:00,2023-06-27 10:40:00+00:00,1,143.028,143.928,TP,89.00000000000057,1.9377777777777905,45.0,2023-06-22,114.1
2023-06-29 00:00:00+00:00,2023-07-06 05:37:00+00:00,1,144.401,143.95100000000002,SL,-45.99999999999886,-1.062222222222197,45.0,2023-06-28,108.7
2023-07-04 01:00:00+00:00,2023-07-05 15:00:00+00:00,1,144.597,144.14700000000002,SL,-45.99999999999886,-1.062222222222197,45.0,2023-07-03,107.2
2023-07-18 01:00:00+00:00,2023-07-18 14:40:00+00:00,-1,138.719,137.819,TP,89.00000000000057,1.9377777777777905,45.0,2023-07-17,120.4
2023-08-17 00:00:00+00:00,2023-08-17 12:36:00+00:00,1,146.275,145.82500000000002,SL,-45.99999999999886,-1.062222222222197,45.0,2023-08-16,132.9
2023-08-18 00:00:00+00:00,2023-08-18 07:11:00+00:00,1,145.71,145.26000000000002,SL,-45.99999999999886,-1.062222222222197,45.0,2023-08-17,118.0
2023-10-26 00:00:00+00:00,2023-10-27 13:54:00+00:00,1,150.181,149.73100000000002,SL,-45.99999999999886,-1.062222222222197,45.0,2023-10-25,66.5
2023-12-07 00:00:00+00:00,2023-12-07 06:31:00+00:00,-1,147.179,146.279,TP,89.00000000000057,1.9377777777777905,45.0,2023-12-06,127.5
2023-12-08 00:00:00+00:00,2023-12-08 00:23:00+00:00,-1,144.237,143.337,TP,89.00000000000057,1.9377777777777905,45.0,2023-12-07,156.9
2023-12-19 00:00:00+00:00,2023-12-19 02:49:00+00:00,-1,142.686,143.136,SL,-45.99999999999886,-1.062222222222197,45.0,2023-12-18,188.4
2024-01-17 00:00:00+00:00,2024-01-17 14:44:00+00:00,1,147.242,148.142,TP,89.00000000000057,1.9377777777777905,45.0,2024-01-16,149.6
2024-01-23 00:00:00+00:00,2024-01-23 06:40:00+00:00,1,148.144,147.69400000000002,SL,-45.99999999999886,-1.062222222222197,45.0,2024-01-22,138.1
2024-01-24 00:00:00+00:00,2024-01-24 03:50:00+00:00,1,148.235,147.78500000000003,SL,-45.99999999999886,-1.062222222222197,45.0,2024-01-23,137.0
2024-02-14 00:00:00+00:00,2024-02-15 00:58:00+00:00,1,150.722,150.27200000000002,SL,-45.99999999999886,-1.062222222222197,45.0,2024-02-13,111.4
2024-03-13 00:00:00+00:00,2024-03-14 13:47:00+00:00,-1,147.62,148.07,SL,-45.99999999999886,-1.062222222222197,45.0,2024-03-12,94.7
2024-03-22 00:00:00+00:00,2024-03-22 12:19:00+00:00,1,151.629,151.179,SL,-45.99999999999886,-1.062222222222197,45.0,2024-03-21,114.5
2024-03-26 00:00:00+00:00,2024-04-05 01:15:00+00:00,1,151.377,150.92700000000002,SL,-45.99999999999886,-1.062222222222197,45.0,2024-03-25,112.9
2024-03-27 00:00:00+00:00,2024-03-27 10:34:00+00:00,1,151.521,151.071,SL,-45.99999999999886,-1.062222222222197,45.0,2024-03-26,108.7
2024-04-11 00:00:00+00:00,2024-04-15 05:35:00+00:00,1,152.913,153.81300000000002,TP,89.00000000000057,1.9377777777777905,45.0,2024-04-10,62.4
2024-04-15 00:00:00+00:00,2024-04-15 13:30:00+00:00,1,153.278,154.178,TP,89.00000000000057,1.9377777777777905,45.0,2024-04-12,62.4
2024-04-16 00:00:00+00:00,2024-04-19 03:19:00+00:00,1,154.173,153.723,SL,-45.99999999999886,-1.062222222222197,45.0,2024-04-15,70.2
2024-04-19 00:00:00+00:00,2024-04-19 02:33:00+00:00,1,154.642,154.192,SL,-45.99999999999886,-1.062222222222197,45.0,2024-04-18,73.8
2024-04-22 00:00:00+00:00,2024-04-25 05:50:00+00:00,1,154.629,155.529,TP,89.00000000000057,1.9377777777777905,45.0,2024-04-19,77.7
2024-04-23 00:00:00+00:00,2024-04-25 06:18:00+00:00,1,154.808,155.708,TP,89.00000000000057,1.9377777777777905,45.0,2024-04-22,78.5
2024-04-24 00:00:00+00:00,2024-04-25 06:17:00+00:00,1,154.779,155.679,TP,89.00000000000057,1.9377777777777905,45.0,2024-04-23,77.2
2024-04-25 00:00:00+00:00,2024-04-26 04:37:00+00:00,1,155.224,156.124,TP,89.00000000000057,1.9377777777777905,45.0,2024-04-24,77.1
2024-05-30 00:00:00+00:00,2024-05-30 05:40:00+00:00,1,157.637,157.187,SL,-45.99999999999886,-1.062222222222197,45.0,2024-05-29,82.9
2024-06-21 00:00:00+00:00,2024-06-21 21:50:00+00:00,1,158.896,159.796,TP,89.00000000000057,1.9377777777777905,45.0,2024-06-20,118.1
2024-06-25 00:00:00+00:00,2024-06-25 02:05:00+00:00,1,159.642,159.192,SL,-45.99999999999886,-1.062222222222197,45.0,2024-06-24,110.2
2024-06-26 00:00:00+00:00,2024-06-26 14:30:00+00:00,1,159.672,160.572,TP,89.00000000000057,1.9377777777777905,45.0,2024-06-25,102.0
2024-06-27 00:00:00+00:00,2024-07-01 15:50:00+00:00,1,160.696,161.596,TP,89.00000000000057,1.9377777777777905,45.0,2024-06-26,103.2
2024-07-01 00:00:00+00:00,2024-07-01 16:02:00+00:00,1,160.814,161.714,TP,89.00000000000057,1.9377777777777905,45.0,2024-06-28,95.9
2024-07-04 00:00:00+00:00,2024-07-04 02:06:00+00:00,1,161.599,161.149,SL,-45.99999999999886,-1.062222222222197,45.0,2024-07-03,93.7
2024-07-24 00:00:00+00:00,2024-07-24 05:39:00+00:00,-1,155.635,154.73499999999999,TP,89.00000000000057,1.9377777777777905,45.0,2024-07-23,149.9
2024-07-30 00:00:00+00:00,2024-07-30 06:01:00+00:00,-1,154.018,154.468,SL,-45.99999999999886,-1.062222222222197,45.0,2024-07-29,184.1
2024-07-31 00:00:00+00:00,2024-07-31 03:12:00+00:00,-1,152.875,153.325,SL,-45.99999999999886,-1.062222222222197,45.0,2024-07-30,198.5
2024-08-01 00:00:00+00:00,2024-08-01 02:06:00+00:00,-1,150.17,149.26999999999998,TP,89.00000000000057,1.9377777777777905,45.0,2024-07-31,198.0
2024-10-09 00:00:00+00:00,2024-10-09 14:39:00+00:00,1,148.201,149.101,TP,89.00000000000057,1.9377777777777905,45.0,2024-10-08,203.4
2024-10-10 00:00:00+00:00,2024-10-10 11:37:00+00:00,1,149.23,148.78,SL,-45.99999999999886,-1.062222222222197,45.0,2024-10-09,198.3
2024-10-16 00:00:00+00:00,2024-10-17 16:22:00+00:00,1,149.229,150.12900000000002,TP,89.00000000000057,1.9377777777777905,45.0,2024-10-15,174.2
2024-10-17 00:00:00+00:00,2024-10-21 02:32:00+00:00,1,149.573,149.12300000000002,SL,-45.99999999999886,-1.062222222222197,45.0,2024-10-16,173.1
2024-10-18 00:00:00+00:00,2024-10-18 11:10:00+00:00,1,150.211,149.76100000000002,SL,-45.99999999999886,-1.062222222222197,45.0,2024-10-17,149.2
2024-10-28 00:00:00+00:00,2024-10-28 01:47:00+00:00,1,152.955,153.85500000000002,TP,89.00000000000057,1.9377777777777905,45.0,2024-10-25,116.2
2024-10-31 00:00:00+00:00,2024-10-31 06:04:00+00:00,1,153.238,152.788,SL,-45.99999999999886,-1.062222222222197,45.0,2024-10-30,114.3
2024-12-20 00:00:00+00:00,2024-12-20 01:25:00+00:00,1,157.647,157.197,SL,-45.99999999999886,-1.062222222222197,45.0,2024-12-19,156.0
2024-12-26 00:00:00+00:00,2024-12-26 15:48:00+00:00,1,157.121,158.02100000000002,TP,89.00000000000057,1.9377777777777905,45.0,2024-12-25,140.6
2024-12-27 00:00:00+00:00,2024-12-30 14:44:00+00:00,1,157.763,157.31300000000002,SL,-45.99999999999886,-1.062222222222197,45.0,2024-12-26,138.7
2024-12-30 00:00:00+00:00,2024-12-30 14:00:00+00:00,1,157.897,157.447,SL,-45.99999999999886,-1.062222222222197,45.0,2024-12-27,131.1
2025-02-06 00:00:00+00:00,2025-02-06 15:48:00+00:00,-1,152.648,151.748,TP,89.00000000000057,1.9377777777777905,45.0,2025-02-05,152.6
2025-02-27 00:00:00+00:00,2025-02-27 01:51:00+00:00,-1,148.877,149.327,SL,-45.99999999999886,-1.062222222222197,45.0,2025-02-26,145.6
2025-03-28 00:00:00+00:00,2025-03-28 07:59:00+00:00,1,150.849,150.399,SL,-45.99999999999886,-1.062222222222197,45.0,2025-03-27,120.6
2025-04-17 00:00:00+00:00,2025-04-17 01:03:00+00:00,-1,141.838,142.28799999999998,SL,-45.99999999999886,-1.062222222222197,45.0,2025-04-16,237.2
2025-04-22 00:00:00+00:00,2025-04-22 17:25:00+00:00,-1,140.733,141.183,SL,-45.99999999999886,-1.062222222222197,45.0,2025-04-21,231.9
2025-07-14 00:00:00+00:00,2025-07-14 01:37:00+00:00,1,147.501,147.05100000000002,SL,-45.99999999999886,-1.062222222222197,45.0,2025-07-11,126.0
2025-07-17 00:00:00+00:00,2025-07-17 07:34:00+00:00,1,147.873,148.773,TP,89.00000000000057,1.9377777777777905,45.0,2025-07-16,127.2
2025-07-18 00:00:00+00:00,2025-07-21 07:31:00+00:00,1,148.313,147.863,SL,-45.99999999999886,-1.062222222222197,45.0,2025-07-17,131.6
2025-07-21 00:00:00+00:00,2025-07-21 07:13:00+00:00,1,148.587,148.137,SL,-45.99999999999886,-1.062222222222197,45.0,2025-07-18,129.5
2025-08-15 00:00:00+00:00,2025-08-15 09:51:00+00:00,-1,147.772,146.87199999999999,TP,89.00000000000057,1.9377777777777905,45.0,2025-08-14,139.6
2025-09-17 00:00:00+00:00,2025-09-17 19:08:00+00:00,-1,146.49,145.59,TP,89.00000000000057,1.9377777777777905,45.0,2025-09-16,107.1
2025-10-31 00:00:00+00:00,2025-11-04 07:19:00+00:00,1,153.906,153.45600000000002,SL,-45.99999999999886,-1.062222222222197,45.0,2025-10-30,116.5
2025-11-19 00:00:00+00:00,2025-11-19 14:23:00+00:00,1,155.527,156.427,TP,89.00000000000057,1.9377777777777905,45.0,2025-11-18,104.5
2025-11-20 00:00:00+00:00,2025-11-21 15:01:00+00:00,1,156.998,156.548,SL,-45.99999999999886,-1.062222222222197,45.0,2025-11-19,102.3
2025-11-24 00:00:00+00:00,2025-11-25 09:38:00+00:00,1,156.686,156.23600000000002,SL,-45.99999999999886,-1.062222222222197,45.0,2025-11-21,110.8
2025-11-25 00:00:00+00:00,2025-11-25 08:50:00+00:00,1,156.904,156.454,SL,-45.99999999999886,-1.062222222222197,45.0,2025-11-24,109.0
2026-01-12 00:00:00+00:00,2026-01-12 00:39:00+00:00,1,158.137,157.687,SL,-45.99999999999886,-1.062222222222197,45.0,2026-01-09,84.7
2026-01-16 00:00:00+00:00,2026-01-16 02:40:00+00:00,1,158.591,158.14100000000002,SL,-45.99999999999886,-1.062222222222197,45.0,2026-01-15,86.5
2026-02-26 00:00:00+00:00,2026-02-26 05:52:00+00:00,1,156.168,155.71800000000002,SL,-45.99999999999886,-1.062222222222197,45.0,2026-02-25,142.2
2026-03-02 00:00:00+00:00,2026-03-02 02:00:00+00:00,1,156.633,156.18300000000002,SL,-45.99999999999886,-1.062222222222197,45.0,2026-02-27,131.7
2026-03-03 00:00:00+00:00,2026-03-05 00:11:00+00:00,1,157.27,156.82000000000002,SL,-45.99999999999886,-1.062222222222197,45.0,2026-03-02,128.6
2026-03-06 00:00:00+00:00,2026-03-08 22:15:00+00:00,1,157.564,158.464,TP,89.00000000000057,1.9377777777777905,45.0,2026-03-05,118.4
2026-03-09 00:00:00+00:00,2026-03-09 19:22:00+00:00,1,158.399,157.949,SL,-45.99999999999886,-1.062222222222197,45.0,2026-03-06,115.8
2026-03-11 00:00:00+00:00,2026-03-11 23:11:00+00:00,1,158.106,159.006,TP,89.00000000000057,1.9377777777777905,45.0,2026-03-10,109.6
2026-03-12 00:00:00+00:00,2026-03-12 11:30:00+00:00,1,159.085,158.63500000000002,SL,-45.99999999999886,-1.062222222222197,45.0,2026-03-11,111.8
2026-06-04 00:00:00+00:00,2026-06-18 11:00:00+00:00,1,159.917,160.817,TP,89.00000000000057,1.9377777777777905,45.0,2026-06-03,50.9
2026-06-05 00:00:00+00:00,2026-06-18 11:47:00+00:00,1,160.003,160.903,TP,89.00000000000057,1.9377777777777905,45.0,2026-06-04,50.2
2026-06-08 00:00:00+00:00,2026-06-08 09:56:00+00:00,1,160.331,159.881,SL,-45.99999999999886,-1.062222222222197,45.0,2026-06-05,50.5
2026-06-09 00:00:00+00:00,2026-06-11 20:30:00+00:00,1,160.172,159.722,SL,-45.99999999999886,-1.062222222222197,45.0,2026-06-08,50.1
2026-06-10 00:00:00+00:00,2026-06-11 19:50:00+00:00,1,160.404,159.954,SL,-45.99999999999886,-1.062222222222197,45.0,2026-06-09,48.7
2026-06-19 00:00:00+00:00,2026-06-26 21:58:00+00:00,1,161.267,161.736,TIME,45.89999999999941,0.9799999999999869,45.0,2026-06-18,61.9
2026-06-25 00:00:00+00:00,2026-06-26 21:58:00+00:00,1,161.765,161.736,TIME,-3.899999999999636,-0.12666666666665857,45.0,2026-06-24,62.3
2026-06-26 00:00:00+00:00,2026-06-26 21:58:00+00:00,1,161.786,161.736,TIME,-6.000000000001137,-0.1733333333333586,45.0,2026-06-25,60.7
