entry_time,exit_time,dir,entry,exit,reason,pips_net,R,sl_pips,meta_day,meta_range
2023-01-02 10:12:00+00:00,2023-01-02 13:59:00+00:00,-1,130.796,130.642,TIME,14.399999999999636,0.9329729729729476,14.800000000000011,2023-01-02,25.6
2023-01-04 08:01:00+00:00,2023-01-04 12:04:00+00:00,-1,130.265,130.64849999999998,SL,-39.349999999999795,-1.0660756192959477,38.35000000000019,2023-01-04,72.7
2023-01-11 08:23:00+00:00,2023-01-11 10:04:00+00:00,1,132.608,132.3435,SL,-27.449999999999818,-1.077807183364824,26.450000000000216,2023-01-11,48.9
2023-01-12 09:20:00+00:00,2023-01-12 13:59:00+00:00,-1,131.314,129.645,TIME,165.89999999999827,4.633239436619752,35.499999999999375,2023-01-12,67.0
2023-01-13 08:01:00+00:00,2023-01-13 13:59:00+00:00,-1,128.483,128.236,TIME,23.70000000000141,0.5869841269841575,37.80000000000041,2023-01-13,71.6
2023-01-24 08:01:00+00:00,2023-01-24 08:33:00+00:00,-1,129.798,130.151,SL,-36.300000000000864,-1.0683286118980462,35.29999999999984,2023-01-24,66.6
2023-01-25 09:12:00+00:00,2023-01-25 13:59:00+00:00,-1,130.084,129.957,TIME,11.700000000000955,0.4143689320388771,25.749999999999716,2023-01-25,47.5
2023-01-26 08:02:00+00:00,2023-01-26 13:59:00+00:00,1,129.612,129.868,TIME,24.600000000000023,0.7705436573311657,30.349999999998943,2023-01-26,56.7
2023-02-01 09:08:00+00:00,2023-02-01 13:59:00+00:00,-1,129.867,129.377,TIME,47.99999999999807,1.8685487077534255,25.149999999999693,2023-02-01,46.3
2023-02-02 08:38:00+00:00,2023-02-02 12:28:00+00:00,1,128.77,128.45600000000002,SL,-32.399999999999295,-1.0718471337579494,31.399999999999693,2023-02-02,58.8
2023-02-07 08:01:00+00:00,2023-02-07 13:59:00+00:00,-1,132.185,131.887,TIME,28.800000000000182,1.0488468809073703,26.450000000000216,2023-02-07,48.9
2023-02-08 09:09:00+00:00,2023-02-08 12:56:00+00:00,-1,130.702,131.0495,SL,-35.74999999999966,-1.0687769784172547,34.75000000000006,2023-02-08,65.5
2023-02-10 08:01:00+00:00,2023-02-10 08:33:00+00:00,-1,130.243,130.477,SL,-24.400000000000887,-1.0827350427350868,23.399999999999864,2023-02-10,42.8
2023-02-13 08:05:00+00:00,2023-02-13 13:59:00+00:00,1,132.221,132.709,TIME,47.799999999999955,1.154999999999999,40.0,2023-02-13,77.1
2023-02-15 08:01:00+00:00,2023-02-15 13:59:00+00:00,1,133.275,133.9,TIME,61.5,1.7903571428571292,33.60000000000025,2023-02-15,63.2
2023-02-16 08:20:00+00:00,2023-02-16 11:03:00+00:00,-1,133.699,133.984,SL,-29.49999999999966,-1.0750877192982315,28.500000000000057,2023-02-16,53.0
2023-02-17 08:01:00+00:00,2023-02-17 13:59:00+00:00,1,134.873,134.637,TIME,-24.599999999999,-0.6667515923566815,39.249999999998806,2023-02-17,74.5
2023-02-21 08:01:00+00:00,2023-02-21 09:52:00+00:00,1,134.659,134.4665,SL,-20.249999999999545,-1.0919480519480316,19.249999999999943,2023-02-21,34.5
2023-02-28 08:01:00+00:00,2023-02-28 13:59:00+00:00,1,136.753,136.704,TIME,-5.899999999997817,-0.43202657807295025,15.049999999999784,2023-02-28,26.1
2023-03-01 08:01:00+00:00,2023-03-01 13:59:00+00:00,-1,135.949,135.744,TIME,19.50000000000125,1.347900355872047,14.049999999999272,2023-03-01,24.1
2023-03-02 08:01:00+00:00,2023-03-02 08:38:00+00:00,1,136.751,136.418,SL,-34.29999999999984,-1.0700300300300178,33.30000000000024,2023-03-02,62.6
2023-03-03 08:01:00+00:00,2023-03-03 13:59:00+00:00,-1,136.357,135.91,TIME,43.70000000000027,2.770289389067663,15.54999999999933,2023-03-03,27.1
2023-03-06 09:52:00+00:00,2023-03-06 12:59:00+00:00,1,136.075,135.979,TIME,-10.599999999997522,-0.33281767955794356,36.199999999999875,2023-03-06,68.4
2023-03-07 08:01:00+00:00,2023-03-07 11:00:00+00:00,-1,135.71,135.90300000000002,SL,-20.300000000001205,-1.0918134715026433,19.300000000000182,2023-03-07,34.6
2023-03-09 08:19:00+00:00,2023-03-09 12:59:00+00:00,-1,136.688,136.278,TIME,39.99999999999966,1.3784397163120423,28.200000000000045,2023-03-09,52.4
2023-03-15 08:01:00+00:00,2023-03-15 09:05:00+00:00,1,134.858,134.51,SL,-35.80000000000132,-1.0687356321839372,34.800000000000296,2023-03-15,65.6
2023-03-21 08:01:00+00:00,2023-03-21 13:59:00+00:00,1,131.823,132.241,TIME,40.80000000000064,1.2911582381729245,30.650000000000375,2023-03-21,57.3
2023-03-22 10:21:00+00:00,2023-03-22 12:59:00+00:00,1,132.792,132.782,TIME,-1.9999999999990905,-0.11117437722416801,28.099999999999568,2023-03-22,52.2
2023-03-27 07:11:00+00:00,2023-03-27 13:59:00+00:00,1,131.127,131.706,TIME,56.89999999999793,1.8726050420168066,29.74999999999892,2023-03-27,55.5
2023-03-28 09:35:00+00:00,2023-03-28 11:01:00+00:00,1,131.246,130.8715,SL,-38.45000000000118,-1.0667022696929511,37.45000000000016,2023-03-28,70.9
2023-03-30 07:53:00+00:00,2023-03-30 10:00:00+00:00,-1,132.42,132.6155,SL,-20.550000000000978,-1.0911508951407174,19.549999999999955,2023-03-30,35.1
2023-04-03 07:03:00+00:00,2023-04-03 12:16:00+00:00,1,133.517,133.1595,SL,-36.74999999999875,-1.0679720279720175,35.74999999999915,2023-04-03,67.5
2023-04-05 09:24:00+00:00,2023-04-05 10:02:00+00:00,-1,131.256,131.5455,SL,-29.950000000000387,-1.0745423143350459,28.950000000000784,2023-04-05,53.9
2023-04-06 07:02:00+00:00,2023-04-06 13:30:00+00:00,1,131.303,131.02349999999998,SL,-28.950000000001296,-1.0757781753130953,27.950000000000273,2023-04-06,51.9
2023-04-11 08:27:00+00:00,2023-04-11 11:59:00+00:00,-1,133.218,133.031,TIME,17.69999999999834,0.6839263803680541,24.449999999999193,2023-04-11,44.9
2023-04-13 07:01:00+00:00,2023-04-13 08:00:00+00:00,1,133.323,133.1385,SL,-19.45000000000141,-1.0942005420054743,18.450000000000387,2023-04-13,32.9
2023-04-14 08:50:00+00:00,2023-04-14 09:52:00+00:00,-1,132.261,132.46800000000002,SL,-21.700000000002206,-1.088309178744008,20.700000000001182,2023-04-14,37.4
2023-04-18 07:55:00+00:00,2023-04-18 11:59:00+00:00,-1,134.286,134.084,TIME,19.199999999999818,0.7752866242037938,23.55000000000058,2023-04-18,43.1
2023-04-19 07:01:00+00:00,2023-04-19 11:59:00+00:00,1,134.477,134.824,TIME,33.70000000000084,1.3700418410041704,23.90000000000083,2023-04-19,43.8
2023-04-20 07:07:00+00:00,2023-04-20 10:09:00+00:00,-1,134.588,134.789,SL,-21.09999999999934,-1.0897512437810755,20.09999999999974,2023-04-20,36.2
2023-04-21 07:05:00+00:00,2023-04-21 08:29:00+00:00,-1,133.734,134.002,SL,-27.800000000000068,-1.0773134328358054,26.800000000000466,2023-04-21,49.6
2023-04-25 08:00:00+00:00,2023-04-25 08:10:00+00:00,1,134.45,134.224,SL,-23.59999999999991,-1.0842477876106014,22.600000000000307,2023-04-25,41.2
2023-04-26 07:37:00+00:00,2023-04-26 08:03:00+00:00,1,133.77,133.592,SL,-18.799999999999727,-1.0961797752808762,17.800000000000125,2023-04-26,31.6
2023-04-27 07:22:00+00:00,2023-04-27 13:00:00+00:00,1,133.759,133.55899999999997,SL,-21.000000000001705,-1.0900000000000496,20.000000000000682,2023-04-27,36.0
2023-05-01 07:25:00+00:00,2023-05-01 12:59:00+00:00,1,136.964,136.815,TIME,-15.900000000000091,-0.4750205198358423,36.550000000000125,2023-05-01,69.1
2023-05-02 08:19:00+00:00,2023-05-02 09:24:00+00:00,1,137.709,137.4835,SL,-23.55000000000109,-1.0843458980044798,22.550000000000068,2023-05-02,41.1
2023-05-03 07:52:00+00:00,2023-05-03 13:59:00+00:00,-1,135.884,135.395,TIME,47.89999999999759,1.3384172661869786,34.75000000000006,2023-05-03,65.5
2023-05-04 07:26:00+00:00,2023-05-04 08:04:00+00:00,-1,134.313,134.4735,SL,-17.05000000000132,-1.1023052959502184,16.050000000000296,2023-05-04,28.1
2023-05-05 07:03:00+00:00,2023-05-05 07:21:00+00:00,-1,133.941,134.1345,SL,-20.350000000000023,-1.0916795865632858,19.35000000000042,2023-05-05,34.7
2023-05-08 07:02:00+00:00,2023-05-08 08:35:00+00:00,-1,134.696,135.0065,SL,-32.049999999999045,-1.0722061191626286,31.049999999999443,2023-05-08,58.1
2023-05-09 07:04:00+00:00,2023-05-09 13:30:00+00:00,-1,134.849,135.095,SL,-25.600000000000932,-1.0806504065041067,24.59999999999991,2023-05-09,45.2
2023-05-10 07:01:00+00:00,2023-05-10 09:01:00+00:00,1,135.346,135.208,SL,-14.800000000000523,-1.1124637681159084,13.80000000000092,2023-05-10,23.6
2023-05-11 07:58:00+00:00,2023-05-11 13:03:00+00:00,1,134.33,134.1035,SL,-23.65000000000157,-1.0841501103753202,22.650000000000546,2023-05-11,41.3
2023-05-12 07:01:00+00:00,2023-05-12 12:59:00+00:00,1,134.707,134.926,TIME,20.89999999999941,1.2305167173252411,16.449999999999363,2023-05-12,28.9
2023-05-15 07:04:00+00:00,2023-05-15 08:04:00+00:00,1,136.241,135.96450000000002,SL,-28.649999999999864,-1.0761663652802747,27.65000000000026,2023-05-15,51.3
2023-05-16 07:01:00+00:00,2023-05-16 07:18:00+00:00,-1,135.889,136.00650000000002,SL,-12.750000000000682,-1.125106382978813,11.749999999999659,2023-05-16,19.5
2023-05-17 07:01:00+00:00,2023-05-17 11:59:00+00:00,1,136.829,136.992,TIME,15.29999999999825,0.9252996845424298,15.850000000000762,2023-05-17,27.7
2023-05-18 08:56:00+00:00,2023-05-18 13:59:00+00:00,1,137.823,138.299,TIME,46.59999999999991,1.9387685774946395,23.55000000000058,2023-05-18,43.1
2023-05-19 07:10:00+00:00,2023-05-19 12:32:00+00:00,-1,138.237,138.45000000000002,SL,-22.30000000000223,-1.086948356807557,21.300000000001205,2023-05-19,38.6
2023-05-22 07:01:00+00:00,2023-05-22 12:59:00+00:00,1,137.957,138.235,TIME,26.800000000002,1.3238676844784434,19.650000000000432,2023-05-22,35.3
2023-05-23 08:35:00+00:00,2023-05-23 13:30:00+00:00,-1,138.335,138.6175,SL,-29.249999999999886,-1.0753982300884812,28.250000000000284,2023-05-23,52.5
2023-05-24 07:01:00+00:00,2023-05-24 07:21:00+00:00,-1,138.319,138.481,SL,-17.200000000000614,-1.101728395061793,16.19999999999959,2023-05-24,28.4
2023-05-26 07:05:00+00:00,2023-05-26 12:59:00+00:00,-1,139.694,139.76,TIME,-7.60000000000025,-0.3862414578587806,21.950000000000045,2023-05-26,39.9
2023-05-29 07:01:00+00:00,2023-05-29 12:59:00+00:00,-1,140.333,140.287,TIME,3.599999999999227,0.08521739130432168,28.74999999999983,2023-05-29,53.5
2023-05-30 07:01:00+00:00,2023-05-30 07:33:00+00:00,1,140.701,140.39499999999998,SL,-31.60000000000116,-1.0726797385621247,30.600000000000136,2023-05-30,57.2
2023-05-31 07:01:00+00:00,2023-05-31 07:27:00+00:00,-1,139.357,139.5305,SL,-18.349999999999,-1.0976368876080482,17.349999999999397,2023-05-31,30.7
2023-06-01 07:01:00+00:00,2023-06-01 13:00:00+00:00,1,139.678,139.4205,SL,-26.749999999999318,-1.0788349514562956,25.749999999999716,2023-06-01,47.5
2023-06-02 09:02:00+00:00,2023-06-02 09:53:00+00:00,1,139.084,138.83950000000002,SL,-25.449999999998795,-1.0808997955010076,24.449999999999193,2023-06-02,44.9
2023-06-05 07:22:00+00:00,2023-06-05 12:59:00+00:00,1,140.291,140.265,TIME,-3.600000000001046,-0.2715112540193698,15.54999999999933,2023-06-05,27.1
2023-06-06 07:05:00+00:00,2023-06-06 12:19:00+00:00,-1,139.323,139.5095,SL,-19.649999999999523,-1.0936193029490406,18.64999999999992,2023-06-06,33.3
2023-06-07 07:01:00+00:00,2023-06-07 08:13:00+00:00,-1,139.144,139.3705,SL,-23.649999999998727,-1.0841501103752602,22.649999999999125,2023-06-07,41.3
2023-06-08 09:36:00+00:00,2023-06-08 13:59:00+00:00,-1,139.707,139.415,TIME,28.20000000000016,1.271627906976793,21.499999999999318,2023-06-08,39.0
2023-06-09 07:10:00+00:00,2023-06-09 13:31:00+00:00,1,139.343,139.09249999999997,SL,-26.05000000000166,-1.0799201596806787,25.050000000000637,2023-06-09,46.1
2023-06-12 09:38:00+00:00,2023-06-12 12:59:00+00:00,-1,139.261,139.381,TIME,-13.000000000000455,-0.6620095693780332,20.899999999999295,2023-06-12,37.8
2023-06-14 08:36:00+00:00,2023-06-14 12:59:00+00:00,-1,139.935,139.977,TIME,-5.200000000000159,-0.3961643835616777,14.599999999999056,2023-06-14,25.2
2023-06-20 09:39:00+00:00,2023-06-20 13:59:00+00:00,-1,141.546,141.469,TIME,6.699999999999818,0.1479382889200505,35.65000000000009,2023-06-20,67.3
2023-06-21 07:01:00+00:00,2023-06-21 12:59:00+00:00,1,141.843,141.816,TIME,-3.6999999999986812,-0.19010141987824175,24.650000000000148,2023-06-21,45.3
2023-06-22 08:02:00+00:00,2023-06-22 08:30:00+00:00,1,141.924,141.76250000000002,SL,-17.149999999998954,-1.1019195046439407,16.149999999999352,2023-06-22,28.3
2023-06-23 07:01:00+00:00,2023-06-23 07:30:00+00:00,1,143.412,143.2195,SL,-20.249999999999545,-1.0919480519480316,19.249999999999943,2023-06-23,34.5
2023-06-26 08:11:00+00:00,2023-06-26 12:59:00+00:00,-1,143.302,143.198,TIME,9.3999999999985,0.36170940170933996,23.399999999999864,2023-06-26,42.8
2023-06-27 07:01:00+00:00,2023-06-27 07:38:00+00:00,1,143.624,143.458,SL,-17.59999999999968,-1.1002409638553974,16.60000000000008,2023-06-27,29.2
2023-06-28 08:18:00+00:00,2023-06-28 10:32:00+00:00,1,144.027,143.84699999999998,SL,-19.000000000000682,-1.0955555555556136,17.99999999999966,2023-06-28,32.0
2023-06-29 07:27:00+00:00,2023-06-29 08:36:00+00:00,1,144.63,144.377,SL,-26.29999999999859,-1.0795256916995906,25.299999999998988,2023-06-29,46.6
2023-06-30 07:19:00+00:00,2023-06-30 08:47:00+00:00,-1,144.601,144.829,SL,-23.800000000000864,-1.0838596491228523,22.79999999999984,2023-06-30,41.6
2023-07-03 07:27:00+00:00,2023-07-03 13:59:00+00:00,1,144.708,144.589,TIME,-12.899999999999977,-0.5448923679060621,25.550000000000182,2023-07-03,47.1
2023-07-04 07:31:00+00:00,2023-07-04 12:59:00+00:00,-1,144.415,144.412,TIME,-0.7000000000014097,-0.08810996563583492,14.550000000000239,2023-07-04,25.1
2023-07-05 07:05:00+00:00,2023-07-05 08:55:00+00:00,1,144.658,144.5075,SL,-16.049999999999386,-1.106445182724227,15.049999999999784,2023-07-05,26.1
2023-07-06 07:01:00+00:00,2023-07-06 13:16:00+00:00,-1,143.803,144.149,SL,-35.600000000000364,-1.068901734104034,34.60000000000076,2023-07-06,65.2
2023-07-07 07:01:00+00:00,2023-07-07 13:59:00+00:00,-1,143.544,143.24,TIME,29.400000000000205,1.293333333333311,22.050000000000523,2023-07-07,40.1
2023-07-12 07:22:00+00:00,2023-07-12 08:38:00+00:00,-1,139.343,139.743,SL,-41.00000000000057,-1.0650000000000142,40.0,2023-07-12,79.7
2023-07-13 07:01:00+00:00,2023-07-13 07:46:00+00:00,1,138.758,138.4365,SL,-33.150000000001455,-1.0711041990669055,32.15000000000043,2023-07-13,60.3
2023-07-17 09:39:00+00:00,2023-07-17 13:23:00+00:00,-1,138.349,138.5555,SL,-21.650000000000546,-1.088426150121116,20.649999999999523,2023-07-17,37.3
2023-07-18 07:07:00+00:00,2023-07-18 12:59:00+00:00,-1,138.359,138.275,TIME,7.400000000000318,0.21517241379311794,28.999999999999602,2023-07-18,54.0
2023-07-19 07:07:00+00:00,2023-07-19 12:59:00+00:00,1,139.452,139.795,TIME,33.29999999999893,1.0446905537459221,30.699999999999193,2023-07-19,57.4
2023-07-21 08:02:00+00:00,2023-07-21 13:59:00+00:00,1,140.283,141.371,TIME,107.80000000000223,3.5713902847572663,29.849999999999397,2023-07-21,55.7
2023-07-24 08:06:00+00:00,2023-07-24 09:21:00+00:00,-1,141.324,141.579,SL,-26.499999999999545,-1.0792156862744944,25.499999999999943,2023-07-24,47.0
2023-07-26 07:24:00+00:00,2023-07-26 11:59:00+00:00,-1,140.828,140.386,TIME,43.20000000000073,2.2888409703505133,18.549999999999443,2023-07-26,33.1
2023-08-02 07:01:00+00:00,2023-08-02 13:15:00+00:00,-1,142.771,143.04999999999998,SL,-28.899999999999636,-1.0758422939067958,27.900000000000034,2023-08-02,51.8
2023-08-03 08:29:00+00:00,2023-08-03 13:59:00+00:00,-1,143.146,142.706,TIME,42.99999999999977,1.3629363784665334,30.650000000000375,2023-08-03,57.3
2023-08-07 08:06:00+00:00,2023-08-07 13:59:00+00:00,1,142.344,142.011,TIME,-34.29999999999984,-0.8974999999999961,40.0,2023-08-07,78.6
2023-08-09 07:01:00+00:00,2023-08-09 09:00:00+00:00,-1,143.076,143.25,SL,-18.40000000000066,-1.0974712643678761,17.399999999999636,2023-08-09,30.8
2023-08-11 08:25:00+00:00,2023-08-11 13:31:00+00:00,-1,144.585,144.7365,SL,-16.149999999999864,-1.1060066006600386,15.150000000000261,2023-08-11,26.3
2023-08-15 07:17:00+00:00,2023-08-15 13:59:00+00:00,1,145.572,145.593,TIME,1.0999999999986585,0.031197411003148164,15.450000000000273,2023-08-15,26.9
2023-08-16 07:01:00+00:00,2023-08-16 09:21:00+00:00,-1,145.4,145.5455,SL,-15.54999999999984,-1.1087285223367414,14.550000000000239,2023-08-16,25.1
2023-08-17 08:19:00+00:00,2023-08-17 13:59:00+00:00,-1,146.246,145.786,TIME,45.000000000000796,2.6955623100305495,16.449999999999363,2023-08-17,28.9
2023-08-18 07:11:00+00:00,2023-08-18 09:43:00+00:00,-1,145.316,145.57150000000001,SL,-26.550000000001205,-1.079138943248572,25.550000000000182,2023-08-18,47.1
2023-08-21 09:54:00+00:00,2023-08-21 13:59:00+00:00,1,145.66,146.089,TIME,41.900000000000205,1.5622944550669169,26.150000000000205,2023-08-21,48.3
2023-08-22 08:10:00+00:00,2023-08-22 13:59:00+00:00,-1,145.821,145.956,TIME,-14.49999999999909,-0.5282154882154559,29.700000000000102,2023-08-22,55.4
2023-08-23 07:28:00+00:00,2023-08-23 08:00:00+00:00,-1,145.557,145.702,SL,-15.500000000001023,-1.1089655172414499,14.5,2023-08-23,25.0
2023-08-24 08:23:00+00:00,2023-08-24 13:59:00+00:00,1,145.221,145.896,TIME,66.4999999999983,2.041377151799575,31.950000000000898,2023-08-24,59.9
2023-08-25 07:16:00+00:00,2023-08-25 07:27:00+00:00,1,146.228,146.0565,SL,-18.150000000000887,-1.0983090379009348,17.149999999999864,2023-08-25,30.3
2023-08-28 07:01:00+00:00,2023-08-28 08:51:00+00:00,-1,146.377,146.50500000000002,SL,-13.800000000001432,-1.1181250000000775,12.80000000000041,2023-08-28,21.6
2023-08-29 09:48:00+00:00,2023-08-29 13:59:00+00:00,1,146.51,147.237,TIME,71.70000000000039,6.249473684210102,11.40000000000083,2023-08-29,18.8
2023-08-30 07:01:00+00:00,2023-08-30 13:30:00+00:00,1,146.244,145.985,SL,-26.899999999998613,-1.0786100386100248,25.89999999999901,2023-08-30,47.8
2023-08-31 08:34:00+00:00,2023-08-31 09:59:00+00:00,-1,145.754,145.95999999999998,SL,-21.599999999998886,-1.0885436893203708,20.599999999999284,2023-08-31,37.2
2023-09-04 08:03:00+00:00,2023-09-04 13:59:00+00:00,1,146.306,146.447,TIME,13.099999999999113,0.9599999999999002,13.10000000000042,2023-09-04,22.2
2023-09-05 07:01:00+00:00,2023-09-05 13:59:00+00:00,1,146.858,147.194,TIME,32.59999999999843,1.9120958083830744,16.700000000000557,2023-09-05,29.4
2023-09-06 07:01:00+00:00,2023-09-06 08:10:00+00:00,-1,147.062,147.31,SL,-25.799999999999045,-1.0803225806451462,24.799999999999443,2023-09-06,45.6
2023-09-07 07:06:00+00:00,2023-09-07 13:59:00+00:00,-1,147.485,147.28,TIME,19.50000000000125,0.8907875894988239,20.950000000000955,2023-09-07,37.9
2023-09-08 08:31:00+00:00,2023-09-08 13:59:00+00:00,1,147.416,147.548,TIME,12.2000000000005,0.2650000000000125,40.0,2023-09-08,79.7
2023-09-12 07:03:00+00:00,2023-09-12 13:59:00+00:00,1,146.84,147.118,TIME,26.79999999999916,1.2834567901234784,20.249999999999034,2023-09-12,36.5
2023-09-15 07:34:00+00:00,2023-09-15 13:59:00+00:00,1,147.569,147.94,TIME,36.10000000000093,3.1976681614351667,11.149999999999636,2023-09-15,18.3
2023-09-18 07:01:00+00:00,2023-09-18 09:36:00+00:00,-1,147.624,147.74450000000002,SL,-13.050000000002115,-1.1229875518672974,12.050000000001091,2023-09-18,20.1
2023-09-19 07:02:00+00:00,2023-09-19 08:48:00+00:00,1,147.816,147.654,SL,-17.200000000000614,-1.1017283950617,16.200000000001012,2023-09-19,28.4
2023-09-20 07:01:00+00:00,2023-09-20 11:40:00+00:00,1,147.931,147.8325,SL,-10.850000000000136,-1.141522842639548,9.850000000000534,2023-09-20,15.7
2023-09-21 09:25:00+00:00,2023-09-21 13:59:00+00:00,-1,148.163,147.954,TIME,19.90000000000032,1.25220779220781,15.400000000000034,2023-09-21,26.8
2023-09-22 07:37:00+00:00,2023-09-22 13:59:00+00:00,1,148.267,148.25,TIME,-2.6999999999995907,-0.10852791878171633,39.39999999999952,2023-09-22,74.8
2023-09-25 09:24:00+00:00,2023-09-25 13:59:00+00:00,1,148.54,148.736,TIME,18.599999999999795,1.5296202531645215,11.850000000000136,2023-09-25,19.7
2023-09-26 07:04:00+00:00,2023-09-26 08:53:00+00:00,1,148.97,148.8245,SL,-15.54999999999984,-1.1087285223367414,14.550000000000239,2023-09-26,25.1
2023-09-27 07:01:00+00:00,2023-09-27 13:59:00+00:00,1,149.089,149.186,TIME,8.700000000000841,0.6266666666667944,13.04999999999876,2023-09-27,22.1
2023-09-28 08:02:00+00:00,2023-09-28 13:45:00+00:00,-1,149.307,149.4425,SL,-14.55000000000075,-1.113800738007457,13.549999999999727,2023-09-28,23.1
2023-09-29 07:01:00+00:00,2023-09-29 13:59:00+00:00,-1,149.177,149.19,TIME,-2.300000000000523,-0.20083916083919218,14.300000000000466,2023-09-29,24.6
2023-10-04 08:16:00+00:00,2023-10-04 11:00:00+00:00,-1,149.03,149.174,SL,-15.400000000000546,-1.1094444444444123,14.400000000000944,2023-10-04,24.8
2023-10-05 08:39:00+00:00,2023-10-05 13:59:00+00:00,1,149.039,148.928,TIME,-12.099999999999,-0.34517023959644927,39.649999999999295,2023-10-05,75.3
2023-10-06 07:01:00+00:00,2023-10-06 13:59:00+00:00,1,148.827,149.416,TIME,57.899999999999864,2.5390645879733147,22.44999999999959,2023-10-06,40.9
2023-10-10 07:08:00+00:00,2023-10-10 07:16:00+00:00,1,148.85,148.5315,SL,-32.85000000000002,-1.0713971742543043,31.85000000000042,2023-10-10,59.7
2023-10-11 07:01:00+00:00,2023-10-11 08:43:00+00:00,1,148.913,148.6565,SL,-26.650000000001683,-1.0789863547758674,25.65000000000066,2023-10-11,47.3
2023-10-12 07:46:00+00:00,2023-10-12 08:22:00+00:00,-1,148.958,149.125,SL,-17.70000000000016,-1.0998802395210225,16.699999999999136,2023-10-12,29.4
2023-10-17 07:56:00+00:00,2023-10-17 08:46:00+00:00,1,149.654,149.558,SL,-10.600000000000364,-1.1441666666667805,9.59999999999934,2023-10-17,15.2
2023-10-20 08:59:00+00:00,2023-10-20 09:23:00+00:00,1,149.968,149.8535,SL,-12.44999999999925,-1.1273362445414528,11.449999999999648,2023-10-20,18.9
2023-10-24 07:59:00+00:00,2023-10-24 10:14:00+00:00,-1,149.413,149.579,SL,-17.59999999999968,-1.1002409638553974,16.60000000000008,2023-10-24,29.2
2023-10-26 07:01:00+00:00,2023-10-26 07:47:00+00:00,1,150.483,150.2465,SL,-24.65000000000066,-1.0822832980972956,23.649999999999636,2023-10-26,43.3
2023-10-27 07:01:00+00:00,2023-10-27 07:46:00+00:00,-1,150.089,150.2435,SL,-16.450000000001296,-1.1047249190939163,15.450000000000273,2023-10-27,26.9
2023-10-30 08:01:00+00:00,2023-10-30 09:38:00+00:00,-1,149.512,149.673,SL,-17.100000000000136,-1.1021118012422093,16.100000000000534,2023-10-30,28.2
2023-11-03 10:45:00+00:00,2023-11-03 13:59:00+00:00,-1,150.214,149.344,TIME,86.00000000000045,5.850410958903948,14.600000000000477,2023-11-03,25.2
2023-11-06 08:01:00+00:00,2023-11-06 08:17:00+00:00,1,149.684,149.5455,SL,-14.84999999999934,-1.1122021660649546,13.849999999999739,2023-11-06,23.7
2023-11-07 08:01:00+00:00,2023-11-07 08:51:00+00:00,1,150.46,150.262,SL,-20.80000000000075,-1.0905050505051028,19.799999999999727,2023-11-07,35.6
2023-11-08 08:01:00+00:00,2023-11-08 13:59:00+00:00,1,150.662,150.904,TIME,23.199999999999022,1.353393393393308,16.65000000000032,2023-11-08,29.3
2023-11-09 09:05:00+00:00,2023-11-09 13:59:00+00:00,1,151.048,150.969,TIME,-8.900000000000773,-0.7407874015748678,12.699999999999932,2023-11-09,21.4
2023-11-10 09:14:00+00:00,2023-11-10 13:59:00+00:00,1,151.42,151.357,TIME,-7.299999999998818,-0.6917857142856161,11.199999999999875,2023-11-10,18.4
2023-11-13 08:17:00+00:00,2023-11-13 13:59:00+00:00,1,151.818,151.805,TIME,-2.300000000000523,-0.15825192802059562,19.449999999999477,2023-11-13,34.9
2023-11-15 09:18:00+00:00,2023-11-15 13:33:00+00:00,-1,150.421,150.6165,SL,-20.550000000000978,-1.0911508951407174,19.549999999999955,2023-11-15,35.1
2023-11-16 08:01:00+00:00,2023-11-16 09:08:00+00:00,1,151.383,151.2435,SL,-14.949999999999818,-1.1116845878136996,13.949999999998795,2023-11-16,23.9
2023-11-17 08:03:00+00:00,2023-11-17 13:59:00+00:00,-1,150.408,149.632,TIME,76.5999999999982,3.8384810126582374,19.74999999999949,2023-11-17,35.5
2023-11-22 08:01:00+00:00,2023-11-22 13:59:00+00:00,1,148.949,149.233,TIME,27.39999999999918,0.6449999999999795,40.0,2023-11-22,77.4
2023-11-28 08:01:00+00:00,2023-11-28 13:59:00+00:00,1,148.497,148.362,TIME,-14.500000000001933,-0.6342622950820374,24.400000000000375,2023-11-28,44.8
2023-11-29 08:01:00+00:00,2023-11-29 13:59:00+00:00,1,147.337,147.727,TIME,38.00000000000148,1.0646511627907012,34.40000000000123,2023-11-29,64.8
2023-11-30 09:35:00+00:00,2023-11-30 13:59:00+00:00,1,147.237,147.884,TIME,63.699999999999136,3.6634883720929508,17.200000000000102,2023-11-30,30.4
2023-12-01 08:01:00+00:00,2023-12-01 08:40:00+00:00,1,148.277,147.96599999999998,SL,-32.100000000000705,-1.072154340836046,31.09999999999968,2023-12-01,58.2
2023-12-04 08:01:00+00:00,2023-12-04 09:19:00+00:00,1,147.028,146.6735,SL,-36.45000000000016,-1.06820874471089,35.449999999999136,2023-12-04,66.9
2023-12-05 08:01:00+00:00,2023-12-05 08:53:00+00:00,-1,146.817,147.04350000000002,SL,-23.65000000000157,-1.0841501103753202,22.650000000000546,2023-12-05,41.3
2023-12-06 08:01:00+00:00,2023-12-06 08:40:00+00:00,-1,146.935,147.11,SL,-18.500000000001137,-1.0971428571429154,17.500000000000114,2023-12-06,31.0
2023-12-07 08:01:00+00:00,2023-12-07 13:59:00+00:00,-1,145.643,144.836,TIME,79.6999999999988,2.192492997198825,35.70000000000033,2023-12-07,67.4
2023-12-12 10:36:00+00:00,2023-12-12 13:45:00+00:00,-1,145.311,145.711,SL,-41.00000000000057,-1.0650000000000142,40.0,2023-12-12,79.5
2023-12-13 08:01:00+00:00,2023-12-13 13:30:00+00:00,1,145.772,145.5335,SL,-24.849999999998772,-1.081928721173989,23.84999999999917,2023-12-13,43.7
2023-12-18 08:04:00+00:00,2023-12-18 08:34:00+00:00,1,142.522,142.309,SL,-22.299999999999386,-1.0869483568074936,21.299999999999784,2023-12-18,38.6
2023-12-20 09:55:00+00:00,2023-12-20 13:59:00+00:00,-1,143.36,143.344,TIME,0.6000000000019554,-0.024415584415533417,38.49999999999949,2023-12-20,73.0
2023-12-26 08:39:00+00:00,2023-12-26 13:59:00+00:00,1,142.38,142.369,TIME,-2.099999999999568,-0.1790728476820904,15.100000000000023,2023-12-26,26.2
2023-12-28 08:01:00+00:00,2023-12-28 08:32:00+00:00,-1,140.748,141.0505,SL,-31.25000000000091,-1.0730578512397033,30.249999999999886,2023-12-28,56.5
2023-12-29 09:17:00+00:00,2023-12-29 12:04:00+00:00,1,141.691,141.4735,SL,-22.750000000000114,-1.085977011494302,21.74999999999909,2023-12-29,39.5
2024-01-02 10:14:00+00:00,2024-01-02 13:59:00+00:00,1,141.704,142.15,TIME,43.599999999999795,1.3825122349102532,30.650000000000375,2024-01-02,57.3
2024-01-03 08:01:00+00:00,2024-01-03 13:59:00+00:00,1,142.445,143.017,TIME,56.20000000000027,3.11730337078651,17.800000000000125,2024-01-03,31.6
2024-01-05 08:01:00+00:00,2024-01-05 13:59:00+00:00,1,144.99,145.465,TIME,46.49999999999943,2.736119402984909,16.750000000000796,2024-01-05,29.5
2024-01-08 09:49:00+00:00,2024-01-08 11:47:00+00:00,-1,144.266,144.52849999999998,SL,-27.249999999998863,-1.078095238095224,26.24999999999926,2024-01-08,48.5
2024-01-10 08:02:00+00:00,2024-01-10 13:59:00+00:00,1,144.968,145.294,TIME,31.600000000002183,1.092616487455274,27.900000000000034,2024-01-10,51.8
2024-01-15 08:01:00+00:00,2024-01-15 13:59:00+00:00,1,145.439,145.782,TIME,33.30000000000177,1.6418181818182944,19.799999999999727,2024-01-15,35.6
2024-01-16 08:35:00+00:00,2024-01-16 13:59:00+00:00,1,146.316,146.626,TIME,30.000000000000227,0.7841758241758437,36.39999999999941,2024-01-16,68.8
2024-01-17 08:01:00+00:00,2024-01-17 13:59:00+00:00,1,147.766,147.935,TIME,15.900000000001114,0.4804582651391544,30.549999999999898,2024-01-17,57.1
2024-01-18 08:01:00+00:00,2024-01-18 13:30:00+00:00,-1,147.814,148.0275,SL,-22.350000000001046,-1.086838407494193,21.350000000000023,2024-01-18,38.7
2024-01-19 10:05:00+00:00,2024-01-19 13:59:00+00:00,-1,147.927,148.134,TIME,-21.699999999999363,-0.6007235142118634,38.70000000000044,2024-01-19,73.4
2024-01-22 08:36:00+00:00,2024-01-22 10:50:00+00:00,1,148.258,147.988,SL,-28.000000000001023,-1.077037037037075,27.0,2024-01-22,50.0
2024-01-23 08:01:00+00:00,2024-01-23 11:23:00+00:00,-1,147.587,147.9555,SL,-37.85000000000116,-1.0671370420624429,36.850000000000136,2024-01-23,69.7
2024-01-24 08:02:00+00:00,2024-01-24 13:59:00+00:00,-1,147.704,146.762,TIME,93.20000000000073,3.3490909090909917,27.499999999999545,2024-01-24,51.0
2024-01-25 10:37:00+00:00,2024-01-25 12:50:00+00:00,-1,147.546,147.72299999999998,SL,-18.69999999999925,-1.0964971751412216,17.699999999999648,2024-01-25,31.4
2024-01-26 09:05:00+00:00,2024-01-26 10:09:00+00:00,1,147.891,147.6855,SL,-21.550000000000068,-1.0886618004866702,20.549999999999045,2024-01-26,37.1
2024-01-29 08:01:00+00:00,2024-01-29 12:56:00+00:00,-1,147.789,147.9795,SL,-20.050000000001432,-1.0924934383202627,19.05000000000041,2024-01-29,34.1
2024-01-30 08:26:00+00:00,2024-01-30 09:14:00+00:00,1,147.533,147.36499999999998,SL,-17.800000000000637,-1.0995238095238717,16.799999999999613,2024-01-30,29.6
2024-01-31 10:38:00+00:00,2024-01-31 13:41:00+00:00,1,147.832,147.49699999999999,SL,-34.500000000000796,-1.0698507462686875,33.49999999999977,2024-01-31,63.0
2024-02-02 08:01:00+00:00,2024-02-02 11:40:00+00:00,1,146.62,146.4625,SL,-16.749999999999886,-1.103492063492133,15.749999999998863,2024-02-02,27.5
2024-02-06 09:01:00+00:00,2024-02-06 13:06:00+00:00,1,148.685,148.519,SL,-17.59999999999968,-1.1002409638553974,16.60000000000008,2024-02-06,29.2
2024-02-07 08:32:00+00:00,2024-02-07 13:59:00+00:00,1,148.011,148.18,TIME,15.900000000001114,0.9324770642202334,16.350000000000307,2024-02-07,28.7
2024-02-08 08:01:00+00:00,2024-02-08 13:59:00+00:00,1,148.761,149.388,TIME,61.700000000000955,1.5605188067445237,38.54999999999973,2024-02-08,73.1
2024-02-09 08:16:00+00:00,2024-02-09 08:54:00+00:00,1,149.537,149.39000000000001,SL,-15.699999999999136,-1.1080272108843288,14.699999999999534,2024-02-09,25.4
2024-02-13 08:01:00+00:00,2024-02-13 11:14:00+00:00,1,149.611,149.4425,SL,-17.849999999999454,-1.099347181008879,16.849999999999852,2024-02-13,29.7
2024-02-15 08:13:00+00:00,2024-02-15 13:59:00+00:00,-1,150.05,149.825,TIME,21.500000000002274,0.7917214700194241,25.850000000000193,2024-02-15,47.7
2024-02-20 10:31:00+00:00,2024-02-20 13:59:00+00:00,-1,150.164,149.983,TIME,17.099999999998317,1.1642253521125585,14.199999999999989,2024-02-20,24.4
2024-02-21 08:01:00+00:00,2024-02-21 10:42:00+00:00,1,150.158,150.01799999999997,SL,-15.000000000001478,-1.1114285714286423,14.000000000000455,2024-02-21,24.0
2024-02-22 08:01:00+00:00,2024-02-22 12:25:00+00:00,-1,150.153,150.289,SL,-14.599999999999568,-1.1135294117646768,13.599999999999966,2024-02-22,23.2
2024-02-23 08:26:00+00:00,2024-02-23 12:35:00+00:00,1,150.622,150.484,SL,-14.800000000000523,-1.1124637681160188,13.7999999999995,2024-02-23,23.6
2024-02-26 08:51:00+00:00,2024-02-26 13:59:00+00:00,1,150.538,150.645,TIME,9.699999999999932,0.689323308270674,13.299999999999955,2024-02-26,22.6
2024-02-27 08:01:00+00:00,2024-02-27 13:59:00+00:00,-1,150.346,150.271,TIME,6.500000000001705,0.49061224489807137,12.250000000000625,2024-02-27,20.5
2024-02-28 08:01:00+00:00,2024-02-28 13:31:00+00:00,1,150.745,150.5915,SL,-16.35000000000082,-1.1051465798046278,15.349999999999795,2024-02-28,26.7
2024-03-01 08:01:00+00:00,2024-03-01 13:59:00+00:00,1,150.505,150.643,TIME,12.800000000000523,0.5165217391304382,23.000000000000796,2024-03-01,42.0
2024-03-04 08:03:00+00:00,2024-03-04 13:59:00+00:00,1,150.318,150.458,TIME,12.999999999998636,0.45713193116629197,26.150000000000205,2024-03-04,48.3
2024-03-06 08:01:00+00:00,2024-03-06 08:34:00+00:00,-1,149.599,149.7575,SL,-16.850000000000364,-1.1030914826498142,15.850000000000762,2024-03-06,27.7
2024-03-08 09:21:00+00:00,2024-03-08 13:59:00+00:00,-1,147.449,146.96,TIME,47.90000000000043,1.4662893081761055,31.800000000000182,2024-03-08,59.6
2024-03-11 09:50:00+00:00,2024-03-11 12:22:00+00:00,-1,146.511,146.80599999999998,SL,-30.49999999999875,-1.0738983050847333,29.499999999999147,2024-03-11,55.0
2024-03-13 08:01:00+00:00,2024-03-13 13:59:00+00:00,1,147.643,147.889,TIME,23.600000000000932,1.001942604856528,22.650000000000546,2024-03-13,41.3
2024-03-15 08:05:00+00:00,2024-03-15 13:59:00+00:00,1,148.655,148.915,TIME,24.99999999999909,1.0711111111110792,22.49999999999983,2024-03-15,41.0
2024-03-20 09:19:00+00:00,2024-03-20 13:59:00+00:00,1,151.606,151.74,TIME,12.400000000001455,0.36390879478833166,30.699999999999193,2024-03-20,57.4
2024-03-21 08:01:00+00:00,2024-03-21 13:59:00+00:00,1,151.234,151.402,TIME,15.799999999997794,0.36512820512815863,38.999999999999034,2024-03-21,74.0
2024-03-22 08:01:00+00:00,2024-03-22 13:59:00+00:00,-1,151.42,151.167,TIME,24.29999999999859,0.9662111801241993,24.14999999999918,2024-03-22,44.3
2024-03-27 09:03:00+00:00,2024-03-27 13:59:00+00:00,-1,151.451,151.326,TIME,11.5,0.3678014184397157,28.200000000000045,2024-03-27,52.4
2024-04-03 07:28:00+00:00,2024-04-03 13:59:00+00:00,1,151.648,151.849,TIME,19.09999999999934,1.5516666666664987,12.000000000000853,2024-04-03,20.0
2024-04-04 08:24:00+00:00,2024-04-04 12:00:00+00:00,1,151.735,151.6225,SL,-12.250000000001137,-1.128888888888979,11.250000000000114,2024-04-04,18.5
2024-04-05 09:01:00+00:00,2024-04-05 13:59:00+00:00,1,151.357,151.656,TIME,28.90000000000066,0.9776056338028551,28.39999999999958,2024-04-05,52.8
2024-04-08 08:26:00+00:00,2024-04-08 13:59:00+00:00,1,151.832,151.877,TIME,3.5000000000015916,0.2917535545025327,10.549999999999613,2024-04-08,17.1
2024-04-11 07:05:00+00:00,2024-04-11 13:34:00+00:00,1,153.015,152.87249999999997,SL,-15.25000000000125,-1.1101754385965619,14.250000000000227,2024-04-11,24.5
2024-04-12 08:04:00+00:00,2024-04-12 13:14:00+00:00,1,153.315,153.12699999999998,SL,-19.80000000000166,-1.0931914893617547,18.800000000000637,2024-04-12,33.6
2024-04-15 07:54:00+00:00,2024-04-15 13:59:00+00:00,1,153.872,154.19,TIME,30.799999999998363,0.8891101055806577,33.14999999999952,2024-04-15,62.3
2024-04-16 07:30:00+00:00,2024-04-16 13:59:00+00:00,1,154.483,154.644,TIME,15.100000000000136,0.8751515151515454,16.499999999999602,2024-04-16,29.0
2024-04-22 07:08:00+00:00,2024-04-22 08:15:00+00:00,1,154.756,154.6375,SL,-12.85000000000116,-1.1243881856540938,11.850000000000136,2024-04-22,19.7
2024-04-23 08:32:00+00:00,2024-04-23 13:59:00+00:00,1,154.85,154.809,TIME,-5.099999999999682,-0.4953571428571195,11.199999999999875,2024-04-23,18.4
2024-04-25 07:01:00+00:00,2024-04-25 13:30:00+00:00,1,155.68,155.451,SL,-23.90000000000134,-1.0836681222707865,22.90000000000032,2024-04-25,41.8
2024-05-08 08:01:00+00:00,2024-05-08 13:59:00+00:00,1,155.293,155.611,TIME,30.799999999998363,0.9616260162600816,30.750000000000853,2024-05-08,57.5
2024-05-09 07:09:00+00:00,2024-05-09 13:59:00+00:00,1,155.694,155.701,TIME,-0.2999999999994998,-0.05030927835049825,29.10000000000008,2024-05-09,54.2
2024-05-14 07:10:00+00:00,2024-05-14 10:29:00+00:00,1,156.515,156.33799999999997,SL,-18.700000000002092,-1.0964971751412973,17.70000000000107,2024-05-14,31.4
2024-05-15 07:01:00+00:00,2024-05-15 13:59:00+00:00,-1,156.264,155.116,TIME,113.79999999999961,7.701496598639675,14.699999999999534,2024-05-15,25.4
2024-05-17 09:35:00+00:00,2024-05-17 13:59:00+00:00,1,155.937,155.786,TIME,-16.100000000001046,-0.557684887459846,31.09999999999968,2024-05-17,58.2
2024-05-20 08:09:00+00:00,2024-05-20 13:03:00+00:00,-1,155.659,155.814,SL,-16.500000000000114,-1.1045161290322303,15.500000000000512,2024-05-20,27.0
2024-05-21 07:10:00+00:00,2024-05-21 13:06:00+00:00,-1,156.166,156.3285,SL,-17.24999999999943,-1.1015384615384378,16.24999999999983,2024-05-21,28.5
2024-05-22 07:26:00+00:00,2024-05-22 13:59:00+00:00,1,156.407,156.542,TIME,12.49999999999909,0.8280555555555211,14.399999999999523,2024-05-22,24.8
2024-05-23 07:15:00+00:00,2024-05-23 13:59:00+00:00,-1,156.648,156.751,TIME,-11.300000000000864,-0.798389261745072,14.899999999999068,2024-05-23,25.8
2024-05-27 08:43:00+00:00,2024-05-27 13:59:00+00:00,1,156.944,156.821,TIME,-13.299999999999045,-0.91213114754096,15.249999999999318,2024-05-27,26.5
2024-05-29 07:08:00+00:00,2024-05-29 13:59:00+00:00,-1,157.182,157.195,TIME,-2.300000000000523,-0.23166666666671934,11.999999999999432,2024-05-29,20.0
2024-05-30 07:01:00+00:00,2024-05-30 13:59:00+00:00,-1,156.876,156.646,TIME,22.00000000000182,0.7186206896552083,29.000000000001023,2024-05-30,54.0
2024-05-31 08:16:00+00:00,2024-05-31 13:48:00+00:00,1,157.045,156.79899999999998,SL,-25.600000000000932,-1.0806504065041067,24.59999999999991,2024-05-31,45.2
2024-06-04 07:15:00+00:00,2024-06-04 13:59:00+00:00,-1,155.919,155.121,TIME,78.80000000000018,2.8570588235293166,27.200000000000955,2024-06-04,50.4
2024-06-05 07:01:00+00:00,2024-06-05 13:59:00+00:00,1,155.62,156.093,TIME,46.29999999999848,1.117499999999962,40.0,2024-06-05,79.6
2024-06-06 07:21:00+00:00,2024-06-06 13:59:00+00:00,1,156.07,156.281,TIME,20.100000000001273,0.5302127659574893,35.2499999999996,2024-06-06,66.5
2024-06-07 07:03:00+00:00,2024-06-07 13:30:00+00:00,-1,155.479,155.72000000000003,SL,-25.100000000001387,-1.0814937759336518,24.100000000000364,2024-06-07,44.2
2024-06-11 08:31:00+00:00,2024-06-11 10:00:00+00:00,1,157.354,157.1785,SL,-18.549999999999955,-1.0969800569800332,17.550000000000352,2024-06-11,31.1
2024-06-12 07:04:00+00:00,2024-06-12 13:30:00+00:00,1,157.28,157.1555,SL,-13.450000000001182,-1.1203212851406434,12.45000000000016,2024-06-12,20.9
2024-06-13 07:01:00+00:00,2024-06-13 13:30:00+00:00,1,157.07,156.8705,SL,-20.950000000000045,-1.090125313283187,19.950000000000443,2024-06-13,35.9
2024-06-17 07:07:00+00:00,2024-06-17 07:38:00+00:00,-1,157.243,157.4485,SL,-21.550000000000068,-1.0886618004865976,20.550000000000466,2024-06-17,37.1
2024-06-18 07:01:00+00:00,2024-06-18 13:37:00+00:00,1,157.847,157.718,SL,-13.90000000000191,-1.1175193798450354,12.900000000000887,2024-06-18,21.8
2024-06-19 07:46:00+00:00,2024-06-19 10:17:00+00:00,-1,157.704,157.8245,SL,-13.049999999999272,-1.1229875518671892,12.04999999999967,2024-06-19,20.1
2024-06-20 07:31:00+00:00,2024-06-20 13:59:00+00:00,1,158.179,158.545,TIME,35.599999999998545,2.502857142856956,14.000000000000455,2024-06-20,24.0
2024-06-21 08:36:00+00:00,2024-06-21 11:17:00+00:00,-1,158.785,158.96,SL,-18.500000000001137,-1.0971428571429154,17.500000000000114,2024-06-21,31.0
2024-06-26 08:22:00+00:00,2024-06-26 13:59:00+00:00,1,159.923,160.349,TIME,41.59999999999877,2.512147239263718,16.300000000000068,2024-06-26,28.6
2024-07-03 07:01:00+00:00,2024-07-03 07:45:00+00:00,1,161.867,161.68499999999997,SL,-19.200000000001637,-1.0949450549451094,18.200000000000614,2024-07-03,32.4
2024-07-08 07:49:00+00:00,2024-07-08 13:59:00+00:00,1,160.849,160.689,TIME,-16.99999999999966,-0.613355817875202,29.649999999999864,2024-07-08,55.3
2024-07-15 07:01:00+00:00,2024-07-15 07:20:00+00:00,-1,157.926,158.2005,SL,-28.45000000000175,-1.0764298724954826,27.450000000000728,2024-07-15,50.9
2024-07-17 07:01:00+00:00,2024-07-17 07:16:00+00:00,-1,157.834,158.05700000000002,SL,-23.30000000000132,-1.0848430493273995,22.300000000000296,2024-07-17,40.6
2024-07-19 07:01:00+00:00,2024-07-19 07:51:00+00:00,1,157.773,157.5195,SL,-26.35000000000025,-1.0794477317554656,25.349999999999227,2024-07-19,46.7
2024-07-22 07:01:00+00:00,2024-07-22 13:59:00+00:00,-1,157.054,156.792,TIME,25.200000000000045,0.9781818181817943,24.750000000000625,2024-07-22,45.5
2024-07-26 08:36:00+00:00,2024-07-26 13:59:00+00:00,1,154.154,154.218,TIME,5.399999999999295,0.09499999999998238,40.0,2024-07-26,77.3
2024-08-12 07:19:00+00:00,2024-08-12 13:59:00+00:00,1,147.247,147.715,TIME,45.79999999999893,1.5898932384341506,28.099999999999568,2024-08-12,52.2
2024-08-15 07:01:00+00:00,2024-08-15 10:30:00+00:00,-1,147.158,147.4055,SL,-25.750000000000227,-1.0804040404040234,24.750000000000625,2024-08-15,45.5
2024-08-16 09:31:00+00:00,2024-08-16 13:59:00+00:00,-1,148.745,147.683,TIME,105.20000000000118,3.6512280701754727,28.500000000000057,2024-08-16,53.0
2024-08-22 09:50:00+00:00,2024-08-22 13:59:00+00:00,1,145.653,146.049,TIME,38.6000000000015,0.9250000000000375,40.0,2024-08-22,79.8
2024-08-27 08:22:00+00:00,2024-08-27 12:30:00+00:00,1,144.979,144.5885,SL,-40.050000000000296,-1.065608194622306,39.04999999999927,2024-08-27,74.1
2024-08-29 08:04:00+00:00,2024-08-29 10:52:00+00:00,1,144.726,144.458,SL,-27.800000000000068,-1.0773134328358054,26.800000000000466,2024-08-29,49.6
2024-08-30 09:58:00+00:00,2024-08-30 13:59:00+00:00,1,145.101,145.634,TIME,52.299999999998704,2.2388671023964024,22.950000000000557,2024-08-30,41.9
2024-09-04 08:00:00+00:00,2024-09-04 09:34:00+00:00,-1,144.875,145.2265,SL,-36.14999999999873,-1.0684495021337022,35.149999999999125,2024-09-04,66.3
2024-09-05 07:22:00+00:00,2024-09-05 08:26:00+00:00,-1,143.162,143.542,SL,-38.999999999999545,-1.066315789473674,37.99999999999994,2024-09-05,72.0
2024-09-06 07:01:00+00:00,2024-09-06 11:06:00+00:00,-1,142.62,142.935,SL,-32.49999999999977,-1.071746031746019,31.50000000000017,2024-09-06,59.0
2024-09-10 08:56:00+00:00,2024-09-10 10:10:00+00:00,1,143.57,143.29799999999997,SL,-28.200000000001978,-1.0767647058823893,27.200000000000955,2024-09-10,50.4
2024-09-12 08:27:00+00:00,2024-09-12 09:01:00+00:00,1,142.993,142.6265,SL,-37.650000000000205,-1.0672851296043544,36.6500000000006,2024-09-12,69.3
2024-09-23 08:16:00+00:00,2024-09-23 13:59:00+00:00,-1,143.722,143.772,TIME,-5.999999999998295,-0.21316017316012606,34.64999999999958,2024-09-23,65.3
2024-09-24 07:01:00+00:00,2024-09-24 12:05:00+00:00,1,144.144,143.8405,SL,-31.350000000001387,-1.0729489291598358,30.350000000000364,2024-09-24,56.7
2024-09-25 07:14:00+00:00,2024-09-25 13:59:00+00:00,1,143.505,144.2,TIME,68.49999999999932,2.1415286624203818,31.399999999999693,2024-09-25,58.8
2024-09-26 08:23:00+00:00,2024-09-26 09:38:00+00:00,1,145.083,144.767,SL,-32.60000000000025,-1.0716455696202865,31.599999999999227,2024-09-26,59.2
2024-10-02 09:32:00+00:00,2024-10-02 13:59:00+00:00,1,144.221,145.368,TIME,113.69999999999914,3.1183333333332794,36.00000000000034,2024-10-02,68.0
2024-10-04 07:01:00+00:00,2024-10-04 11:00:00+00:00,-1,146.082,146.482,SL,-41.00000000000057,-1.0650000000000142,40.0,2024-10-04,78.1
2024-10-08 08:46:00+00:00,2024-10-08 10:01:00+00:00,-1,147.497,147.85750000000002,SL,-37.05000000000018,-1.0677392510402104,36.05000000000058,2024-10-08,68.1
2024-10-09 07:01:00+00:00,2024-10-09 08:03:00+00:00,1,148.581,148.35049999999998,SL,-24.050000000000637,-1.0833839479392433,23.050000000001035,2024-10-09,42.1
2024-10-10 08:42:00+00:00,2024-10-10 13:30:00+00:00,-1,148.976,149.2675,SL,-30.15000000000134,-1.07430531732422,29.15000000000032,2024-10-10,54.3
2024-10-11 07:13:00+00:00,2024-10-11 13:59:00+00:00,1,148.796,149.061,TIME,25.500000000001478,1.1324137931035652,21.74999999999909,2024-10-11,39.5
2024-10-14 09:11:00+00:00,2024-10-14 13:59:00+00:00,1,149.419,149.739,TIME,30.999999999999318,2.0905841924397808,14.550000000000239,2024-10-14,25.1
2024-10-15 07:21:00+00:00,2024-10-15 13:59:00+00:00,-1,149.412,149.083,TIME,31.900000000000773,1.4233027522936583,21.79999999999933,2024-10-15,39.6
2024-10-16 07:01:00+00:00,2024-10-16 13:59:00+00:00,1,149.343,149.448,TIME,9.500000000001819,0.3289320388350058,25.750000000001137,2024-10-16,47.5
2024-10-17 08:03:00+00:00,2024-10-17 13:59:00+00:00,1,149.673,149.829,TIME,14.600000000000591,0.5906695464363081,23.15000000000009,2024-10-17,42.3
2024-10-18 07:13:00+00:00,2024-10-18 08:20:00+00:00,-1,149.815,150.04999999999998,SL,-24.499999999998522,-1.0825531914893467,23.49999999999892,2024-10-18,43.0
2024-10-21 08:01:00+00:00,2024-10-21 13:59:00+00:00,1,149.665,149.918,TIME,24.300000000001432,0.8008304498270646,28.899999999999125,2024-10-21,53.8
2024-10-24 07:50:00+00:00,2024-10-24 13:59:00+00:00,-1,152.099,152.052,TIME,3.6999999999997044,0.060954979536143074,36.6500000000006,2024-10-24,69.3
2024-10-29 08:16:00+00:00,2024-10-29 13:59:00+00:00,1,153.268,153.63,TIME,35.19999999999948,1.2933333333333146,26.399999999999977,2024-10-29,48.8
2024-10-30 08:29:00+00:00,2024-10-30 12:15:00+00:00,-1,153.042,153.2465,SL,-21.44999999999959,-1.088899755501203,20.44999999999999,2024-10-30,36.9
2024-10-31 08:01:00+00:00,2024-10-31 11:00:00+00:00,-1,152.2,152.6,SL,-41.00000000000057,-1.0650000000000142,40.0,2024-10-31,78.7
2024-11-01 08:12:00+00:00,2024-11-01 12:30:00+00:00,1,152.673,152.273,SL,-41.00000000000057,-1.0650000000000142,40.0,2024-11-01,77.8
2024-11-05 09:37:00+00:00,2024-11-05 12:53:00+00:00,-1,152.091,152.32600000000002,SL,-24.500000000001364,-1.0825531914894047,23.50000000000034,2024-11-05,43.0
2024-11-07 08:20:00+00:00,2024-11-07 13:59:00+00:00,-1,153.894,153.498,TIME,38.6000000000015,0.9250000000000375,40.0,2024-11-07,77.7
2024-11-11 08:02:00+00:00,2024-11-11 13:59:00+00:00,1,153.702,153.77,TIME,5.800000000001205,0.10500000000003012,40.0,2024-11-11,79.7
2024-11-12 09:33:00+00:00,2024-11-12 13:59:00+00:00,1,154.08,154.38,TIME,28.999999999998295,0.7909455587391877,34.90000000000077,2024-11-12,65.8
2024-11-13 08:01:00+00:00,2024-11-13 09:26:00+00:00,1,155.135,154.91549999999998,SL,-22.95000000000107,-1.085558086560411,21.950000000000045,2024-11-13,39.9
2024-11-14 10:10:00+00:00,2024-11-14 13:59:00+00:00,1,156.127,156.019,TIME,-11.80000000000041,-0.34689206762029134,38.45000000000067,2024-11-14,72.9
2024-11-15 08:01:00+00:00,2024-11-15 13:59:00+00:00,-1,155.731,155.325,TIME,39.60000000000059,1.5008560311283738,25.700000000000898,2024-11-15,47.4
2024-11-19 08:36:00+00:00,2024-11-19 13:59:00+00:00,-1,153.924,153.471,TIME,44.300000000000296,1.214957507082167,35.29999999999984,2024-11-19,66.6
2024-11-20 08:01:00+00:00,2024-11-20 13:59:00+00:00,1,155.701,155.73,TIME,1.8999999999996362,0.019190031152636282,32.10000000000019,2024-11-20,60.2
2024-11-21 08:09:00+00:00,2024-11-21 13:59:00+00:00,-1,154.836,154.249,TIME,57.70000000000175,2.3691858037579374,23.949999999999648,2024-11-21,43.9
2024-11-22 08:01:00+00:00,2024-11-22 09:36:00+00:00,1,154.748,154.34799999999998,SL,-41.00000000000057,-1.0650000000000142,40.0,2024-11-22,76.5
2024-11-27 08:01:00+00:00,2024-11-27 13:59:00+00:00,-1,151.851,151.328,TIME,51.29999999999961,1.2424999999999904,40.0,2024-11-27,79.9
2024-11-28 08:01:00+00:00,2024-11-28 13:59:00+00:00,1,151.788,151.567,TIME,-23.100000000000364,-0.9548514851485231,25.25000000000017,2024-11-28,46.5
2024-12-04 08:01:00+00:00,2024-12-04 13:59:00+00:00,1,150.376,151.071,TIME,68.49999999999932,1.9541775836972395,34.34999999999957,2024-12-04,64.7
2024-12-06 08:16:00+00:00,2024-12-06 13:30:00+00:00,1,150.293,150.02100000000002,SL,-28.199999999999136,-1.076764705882339,27.199999999999534,2024-12-06,50.4
2024-12-09 08:01:00+00:00,2024-12-09 13:59:00+00:00,1,150.361,150.875,TIME,50.400000000001,2.479999999999964,20.000000000000682,2024-12-09,36.0
2024-12-10 08:01:00+00:00,2024-12-10 13:59:00+00:00,1,151.581,151.68,TIME,8.900000000001796,0.21685425685431178,34.64999999999958,2024-12-10,65.3
2024-12-11 09:12:00+00:00,2024-12-11 09:13:00+00:00,-1,151.327,151.5745,SL,-25.750000000000227,-1.0804040404040234,24.750000000000625,2024-12-11,45.5
2024-12-12 08:04:00+00:00,2024-12-12 10:47:00+00:00,1,152.632,152.28300000000002,SL,-35.899999999998954,-1.068653295128929,34.89999999999935,2024-12-12,65.8
2024-12-13 08:44:00+00:00,2024-12-13 13:59:00+00:00,1,153.116,153.3,TIME,17.39999999999975,0.567329842931912,28.650000000000773,2024-12-13,53.3
2024-12-17 09:02:00+00:00,2024-12-17 13:59:00+00:00,-1,153.786,153.771,TIME,0.5000000000014779,-0.022876712328716835,29.200000000000557,2024-12-17,54.4
2024-12-23 08:01:00+00:00,2024-12-23 08:19:00+00:00,1,156.746,156.549,SL,-20.700000000000273,-1.0907614213197752,19.70000000000067,2024-12-23,35.4
2025-01-02 08:01:00+00:00,2025-01-02 10:59:00+00:00,-1,156.751,157.151,SL,-41.00000000000057,-1.0650000000000142,40.0,2025-01-02,79.8
2025-01-03 08:01:00+00:00,2025-01-03 08:20:00+00:00,-1,157.143,157.306,SL,-17.30000000000109,-1.1013496932515963,16.300000000000068,2025-01-03,28.6
2025-01-06 10:29:00+00:00,2025-01-06 11:14:00+00:00,1,157.844,157.653,SL,-20.10000000000025,-1.092356020942464,19.099999999999227,2025-01-06,34.2
2025-01-07 08:01:00+00:00,2025-01-07 13:59:00+00:00,-1,157.515,157.667,TIME,-16.200000000001523,-0.49125348189419454,35.899999999999864,2025-01-07,67.8
2025-01-08 10:32:00+00:00,2025-01-08 13:59:00+00:00,1,158.294,158.219,TIME,-8.500000000001705,-0.4576904176905115,20.34999999999951,2025-01-08,36.7
2025-01-10 08:37:00+00:00,2025-01-10 13:30:00+00:00,-1,157.952,158.2185,SL,-27.650000000000773,-1.0775234521576373,26.64999999999975,2025-01-10,49.3
2025-01-13 09:32:00+00:00,2025-01-13 13:59:00+00:00,-1,157.212,157.199,TIME,0.2999999999976808,-0.031869918699249926,36.900000000000375,2025-01-13,69.8
2025-01-17 08:58:00+00:00,2025-01-17 13:59:00+00:00,1,155.701,155.685,TIME,-2.5999999999991132,-0.10933333333330894,37.5000000000004,2025-01-17,71.0
2025-01-20 10:51:00+00:00,2025-01-20 13:30:00+00:00,1,156.389,156.0435,SL,-35.550000000001546,-1.0689435600579162,34.55000000000052,2025-01-20,65.1
2025-01-22 08:01:00+00:00,2025-01-22 08:31:00+00:00,1,156.091,155.767,SL,-33.40000000000123,-1.0708641975308957,32.400000000000205,2025-01-22,60.8
2025-01-23 10:06:00+00:00,2025-01-23 11:27:00+00:00,-1,156.239,156.4935,SL,-26.450000000000728,-1.0792927308448343,25.449999999999704,2025-01-23,46.9
2025-02-03 09:07:00+00:00,2025-02-03 13:59:00+00:00,-1,155.307,154.646,TIME,65.10000000000014,2.208704663212379,28.950000000000784,2025-02-03,53.9
2025-02-04 08:02:00+00:00,2025-02-04 08:48:00+00:00,1,155.438,155.129,SL,-31.89999999999975,-1.0723624595469126,30.900000000000148,2025-02-04,57.8
2025-02-10 08:11:00+00:00,2025-02-10 13:30:00+00:00,1,152.218,151.90499999999997,SL,-32.30000000000166,-1.0719488817891694,31.300000000000637,2025-02-10,58.6
2025-02-11 08:10:00+00:00,2025-02-11 08:27:00+00:00,1,152.067,151.8585,SL,-21.8500000000015,-1.0879616306954916,20.850000000000477,2025-02-11,37.7
2025-02-13 08:31:00+00:00,2025-02-13 13:59:00+00:00,-1,154.117,153.514,TIME,59.29999999999802,1.9908219178082116,29.199999999999136,2025-02-13,54.4
2025-02-19 08:01:00+00:00,2025-02-19 11:39:00+00:00,-1,151.632,151.95200000000003,SL,-33.00000000000216,-1.071250000000031,32.00000000000114,2025-02-19,60.0
2025-02-24 08:06:00+00:00,2025-02-24 13:59:00+00:00,1,149.532,149.762,TIME,21.999999999998977,0.5940057636887346,34.69999999999982,2025-02-24,65.4
2025-02-27 08:23:00+00:00,2025-02-27 13:59:00+00:00,1,149.416,149.722,TIME,29.60000000000116,0.8542598187311722,33.099999999999284,2025-02-27,62.2
2025-03-03 08:01:00+00:00,2025-03-03 10:17:00+00:00,-1,150.108,150.479,SL,-38.10000000000093,-1.0669541778976017,37.09999999999991,2025-03-03,70.2
2025-03-05 08:01:00+00:00,2025-03-05 13:59:00+00:00,-1,149.495,149.017,TIME,46.800000000000864,1.4111627906977242,32.24999999999949,2025-03-05,60.5
2025-03-06 08:01:00+00:00,2025-03-06 13:59:00+00:00,-1,148.369,147.417,TIME,94.19999999999982,3.6182524271844994,25.749999999999716,2025-03-06,47.5
2025-03-07 08:39:00+00:00,2025-03-07 12:17:00+00:00,-1,147.431,147.811,SL,-38.999999999999545,-1.066315789473674,37.99999999999994,2025-03-07,72.0
2025-03-10 10:16:00+00:00,2025-03-10 13:59:00+00:00,-1,147.032,147.066,TIME,-4.3999999999991815,-0.15859838274930438,37.09999999999991,2025-03-10,70.2
2025-03-11 09:01:00+00:00,2025-03-11 13:59:00+00:00,1,147.284,147.773,TIME,47.90000000000043,1.1772808132147725,39.349999999999284,2025-03-11,74.7
2025-03-12 08:01:00+00:00,2025-03-12 08:13:00+00:00,1,148.634,148.39299999999997,SL,-25.100000000001387,-1.0814937759336518,24.100000000000364,2025-03-12,44.2
2025-03-18 08:01:00+00:00,2025-03-18 11:15:00+00:00,1,149.832,149.56949999999998,SL,-27.250000000001705,-1.0780952380952762,26.250000000000682,2025-03-18,48.5
2025-03-19 10:06:00+00:00,2025-03-19 13:59:00+00:00,1,149.77,150.074,TIME,29.400000000000205,0.9176547231270233,30.700000000000614,2025-03-19,57.4
2025-03-20 08:01:00+00:00,2025-03-20 13:59:00+00:00,1,148.557,148.777,TIME,20.999999999999886,1.065263157894721,19.00000000000017,2025-03-20,34.0
2025-03-25 10:11:00+00:00,2025-03-25 13:59:00+00:00,-1,150.362,149.779,TIME,57.29999999999984,2.006428571428528,28.00000000000051,2025-03-25,52.0
2025-03-27 09:01:00+00:00,2025-03-27 13:59:00+00:00,1,150.631,150.872,TIME,23.100000000001387,0.7274418604651472,30.10000000000059,2025-03-27,56.2
2025-03-28 08:01:00+00:00,2025-03-28 10:27:00+00:00,-1,150.437,150.71050000000002,SL,-28.350000000001273,-1.076563071298026,27.35000000000025,2025-03-28,50.7
2025-04-01 09:18:00+00:00,2025-04-01 13:59:00+00:00,-1,149.514,149.385,TIME,11.90000000000191,0.3267180277350468,32.44999999999902,2025-04-01,60.9
2025-04-02 07:30:00+00:00,2025-04-02 07:35:00+00:00,1,149.969,149.8165,SL,-16.25000000000034,-1.1055737704918733,15.249999999999318,2025-04-02,26.5
2025-04-15 07:03:00+00:00,2025-04-15 07:41:00+00:00,-1,142.895,143.2605,SL,-37.54999999999973,-1.0673597811217401,36.550000000000125,2025-04-15,69.1
2025-04-24 08:06:00+00:00,2025-04-24 13:59:00+00:00,-1,142.617,142.402,TIME,20.50000000000034,0.48564102564104744,38.999999999999034,2025-04-24,74.0
2025-04-29 09:58:00+00:00,2025-04-29 13:57:00+00:00,1,142.602,142.326,SL,-28.600000000001046,-1.076231884058008,27.600000000000023,2025-04-29,51.2
2025-04-30 07:05:00+00:00,2025-04-30 13:59:00+00:00,1,142.574,142.817,TIME,23.2999999999995,1.0337327188939727,21.700000000000273,2025-04-30,39.4
2025-05-02 07:20:00+00:00,2025-05-02 13:59:00+00:00,-1,145.131,144.643,TIME,47.799999999999955,1.154999999999999,40.0,2025-05-02,78.0
2025-05-05 09:44:00+00:00,2025-05-05 13:59:00+00:00,-1,144.041,143.635,TIME,39.60000000000059,0.9500000000000147,40.0,2025-05-05,79.2
2025-05-06 08:26:00+00:00,2025-05-06 13:59:00+00:00,-1,143.445,142.514,TIME,92.09999999999832,2.3868774703557056,37.949999999999704,2025-05-06,71.9
2025-05-07 09:05:00+00:00,2025-05-07 13:59:00+00:00,1,143.328,143.353,TIME,1.5000000000005684,0.008387096774213128,30.999999999999204,2025-05-07,58.0
2025-05-08 07:15:00+00:00,2025-05-08 13:59:00+00:00,1,143.992,144.685,TIME,68.3000000000012,2.4436363636364486,27.499999999999545,2025-05-08,51.0
2025-05-09 07:01:00+00:00,2025-05-09 13:59:00+00:00,-1,145.409,145.246,TIME,15.29999999999825,0.3538223938223514,38.84999999999974,2025-05-09,73.7
2025-05-12 08:01:00+00:00,2025-05-12 13:59:00+00:00,1,146.504,148.047,TIME,153.30000000000064,4.865600000000181,31.249999999998977,2025-05-12,58.5
2025-05-14 09:04:00+00:00,2025-05-14 13:59:00+00:00,-1,146.724,146.191,TIME,52.299999999998704,1.2674999999999677,40.0,2025-05-14,79.2
2025-05-15 07:21:00+00:00,2025-05-15 13:59:00+00:00,-1,145.92,145.797,TIME,11.299999999999045,0.2424999999999761,40.0,2025-05-15,79.8
2025-05-16 08:10:00+00:00,2025-05-16 09:10:00+00:00,-1,144.943,145.32150000000001,SL,-38.85000000000025,-1.0664200792602654,37.84999999999923,2025-05-16,71.7
2025-05-19 08:35:00+00:00,2025-05-19 13:59:00+00:00,-1,144.757,145.017,TIME,-26.99999999999909,-0.8329515418502039,34.04999999999956,2025-05-19,64.1
2025-05-21 07:01:00+00:00,2025-05-21 09:14:00+00:00,-1,143.63,144.03,SL,-41.00000000000057,-1.0650000000000142,40.0,2025-05-21,79.8
2025-05-23 07:17:00+00:00,2025-05-23 13:59:00+00:00,-1,143.373,142.604,TIME,75.8999999999977,2.13790530846475,34.850000000000534,2025-05-23,65.7
2025-05-27 07:01:00+00:00,2025-05-27 13:59:00+00:00,1,143.292,144.022,TIME,71.99999999999898,1.7897331639135372,39.350000000000705,2025-05-27,74.7
2025-05-30 07:15:00+00:00,2025-05-30 07:54:00+00:00,1,144.114,143.768,SL,-35.600000000000364,-1.0689017341040763,34.59999999999934,2025-05-30,65.2
2025-06-02 07:11:00+00:00,2025-06-02 13:59:00+00:00,-1,143.312,142.83,TIME,47.19999999999993,1.5903972366148067,28.950000000000784,2025-06-02,53.9
2025-06-04 07:07:00+00:00,2025-06-04 07:22:00+00:00,1,144.298,143.97050000000002,SL,-33.749999999998636,-1.070534351145027,32.749999999999034,2025-06-04,61.5
2025-06-05 07:01:00+00:00,2025-06-05 13:30:00+00:00,1,143.155,142.8625,SL,-30.249999999998977,-1.0741880341880214,29.249999999999375,2025-06-05,54.5
2025-06-06 07:11:00+00:00,2025-06-06 13:59:00+00:00,1,143.912,144.623,TIME,70.09999999999843,2.8747609147608344,24.050000000000125,2025-06-06,44.1
2025-06-09 07:17:00+00:00,2025-06-09 13:48:00+00:00,-1,144.307,144.6275,SL,-33.05000000000098,-1.071201248049954,32.049999999999955,2025-06-09,60.1
2025-06-11 07:18:00+00:00,2025-06-11 13:30:00+00:00,1,145.163,144.887,SL,-28.600000000001046,-1.076231884058008,27.600000000000023,2025-06-11,51.2
2025-06-12 07:01:00+00:00,2025-06-12 08:24:00+00:00,-1,143.712,144.042,SL,-34.00000000000125,-1.0703030303030612,33.00000000000023,2025-06-12,62.0
2025-06-16 07:01:00+00:00,2025-06-16 13:59:00+00:00,-1,144.102,144.098,TIME,-0.6000000000009322,-0.058987341772181866,31.599999999999227,2025-06-16,59.2
2025-06-18 07:37:00+00:00,2025-06-18 13:59:00+00:00,-1,144.93,144.89,TIME,3.0000000000020464,0.06810810810818452,27.749999999999318,2025-06-18,51.5
2025-06-19 07:09:00+00:00,2025-06-19 13:59:00+00:00,1,145.228,145.542,TIME,30.399999999999295,1.1158935361216682,26.2999999999995,2025-06-19,48.6
2025-06-24 07:01:00+00:00,2025-06-24 13:59:00+00:00,-1,145.26,144.989,TIME,26.09999999999866,0.6166037735848756,39.74999999999977,2025-06-24,75.5
2025-06-25 07:03:00+00:00,2025-06-25 13:59:00+00:00,1,145.104,145.86,TIME,74.60000000000002,3.0748225469729067,23.949999999999648,2025-06-25,43.9
2025-06-26 07:12:00+00:00,2025-06-26 13:59:00+00:00,-1,144.522,144.306,TIME,20.599999999997976,0.5519540229884425,34.800000000000296,2025-06-26,65.6
2025-07-01 08:17:00+00:00,2025-07-01 13:59:00+00:00,-1,143.416,143.068,TIME,33.79999999999848,1.2211940298507342,26.799999999999045,2025-07-01,49.6
2025-07-02 07:03:00+00:00,2025-07-02 13:20:00+00:00,1,143.783,143.54949999999997,SL,-24.35000000000207,-1.0828265524625686,23.350000000001046,2025-07-02,42.7
2025-07-03 07:31:00+00:00,2025-07-03 13:59:00+00:00,1,143.902,145.007,TIME,109.50000000000182,4.560840336134737,23.79999999999893,2025-07-03,43.6
2025-07-04 07:15:00+00:00,2025-07-04 13:59:00+00:00,-1,144.292,144.423,TIME,-14.100000000000023,-0.47925233644861565,32.09999999999877,2025-07-04,60.2
2025-07-07 07:06:00+00:00,2025-07-07 13:59:00+00:00,1,145.035,145.59,TIME,54.50000000000068,1.322500000000017,40.0,2025-07-07,77.5
2025-07-10 08:46:00+00:00,2025-07-10 11:42:00+00:00,1,146.449,146.1005,SL,-35.850000000000136,-1.0686944045910929,34.850000000000534,2025-07-10,65.7
2025-07-16 07:23:00+00:00,2025-07-16 13:59:00+00:00,-1,148.696,148.704,TIME,-1.8000000000009777,-0.10883365200768502,26.150000000000205,2025-07-16,48.3
2025-07-18 07:01:00+00:00,2025-07-18 09:46:00+00:00,1,148.76,148.5205,SL,-24.94999999999925,-1.0817536534446603,23.949999999999648,2025-07-18,43.9
2025-07-21 07:07:00+00:00,2025-07-21 13:59:00+00:00,-1,148.221,147.491,TIME,71.99999999999898,3.1041048034935566,22.899999999998897,2025-07-21,41.8
2025-07-22 07:01:00+00:00,2025-07-22 10:00:00+00:00,1,147.784,147.60299999999998,SL,-19.10000000000116,-1.0952486187845865,18.100000000000136,2025-07-22,32.2
2025-07-24 09:56:00+00:00,2025-07-24 13:59:00+00:00,1,146.535,146.795,TIME,24.99999999999909,0.6985524372230154,33.85000000000002,2025-07-24,63.7
2025-07-25 07:01:00+00:00,2025-07-25 08:30:00+00:00,-1,146.931,147.216,SL,-29.49999999999966,-1.0750877192982315,28.500000000000057,2025-07-25,53.0
2025-07-28 07:17:00+00:00,2025-07-28 13:59:00+00:00,1,148.045,148.049,TIME,-0.5999999999980901,-0.062181146025807196,27.05000000000024,2025-07-28,50.1
2025-07-29 07:01:00+00:00,2025-07-29 07:55:00+00:00,-1,148.247,148.47750000000002,SL,-24.050000000000637,-1.0833839479393077,23.049999999999613,2025-07-29,42.1
2025-07-30 08:08:00+00:00,2025-07-30 11:22:00+00:00,-1,147.818,148.17800000000003,SL,-37.000000000001364,-1.067777777777806,36.00000000000034,2025-07-30,68.0
2025-08-01 07:01:00+00:00,2025-08-01 13:59:00+00:00,-1,150.484,148.634,TIME,184.00000000000227,9.024039408867432,20.299999999999272,2025-08-01,36.6
2025-08-04 08:31:00+00:00,2025-08-04 11:57:00+00:00,1,147.972,147.572,SL,-41.00000000000057,-1.0650000000000142,40.0,2025-08-04,78.9
2025-08-05 07:42:00+00:00,2025-08-05 13:59:00+00:00,1,147.301,147.662,TIME,35.10000000000184,0.9848175182482135,34.25000000000051,2025-08-05,64.5
2025-08-06 09:26:00+00:00,2025-08-06 12:18:00+00:00,1,147.783,147.541,SL,-25.199999999999022,-1.0813223140495714,24.19999999999942,2025-08-06,44.4
2025-08-07 07:27:00+00:00,2025-08-07 12:23:00+00:00,-1,147.132,147.43150000000003,SL,-30.95000000000232,-1.0733889816360929,29.950000000001296,2025-08-07,55.9
2025-08-08 07:01:00+00:00,2025-08-08 13:59:00+00:00,1,147.427,147.845,TIME,40.80000000000064,1.1341007194244768,34.75000000000006,2025-08-08,65.5
2025-08-11 08:42:00+00:00,2025-08-11 10:16:00+00:00,-1,147.406,147.5985,SL,-20.249999999999545,-1.0919480519480316,19.249999999999943,2025-08-11,34.5
2025-08-12 09:53:00+00:00,2025-08-12 13:30:00+00:00,1,148.458,148.275,SL,-19.299999999999272,-1.0946448087431486,18.29999999999967,2025-08-12,32.6
2025-08-13 08:13:00+00:00,2025-08-13 13:59:00+00:00,-1,147.661,147.406,TIME,24.499999999999545,0.9245669291338067,25.400000000000887,2025-08-13,46.8
2025-08-15 07:06:00+00:00,2025-08-15 13:59:00+00:00,-1,147.098,146.89,TIME,19.800000000002683,0.4587405541562269,39.700000000000955,2025-08-15,75.4
2025-08-18 08:14:00+00:00,2025-08-18 08:52:00+00:00,-1,147.143,147.3695,SL,-23.649999999998727,-1.0841501103752602,22.649999999999125,2025-08-18,41.3
2025-08-19 07:04:00+00:00,2025-08-19 13:59:00+00:00,-1,147.605,147.779,TIME,-18.40000000000066,-0.7343396226415597,26.499999999999034,2025-08-19,49.0
2025-08-20 07:08:00+00:00,2025-08-20 08:46:00+00:00,-1,147.387,147.602,SL,-22.50000000000034,-1.086511627907026,21.499999999999318,2025-08-20,39.0
2025-08-21 07:41:00+00:00,2025-08-21 13:59:00+00:00,1,147.528,147.753,TIME,21.49999999999943,1.4275767918087632,14.650000000000716,2025-08-21,25.3
2025-08-27 09:32:00+00:00,2025-08-27 13:59:00+00:00,1,147.991,148.069,TIME,6.799999999997453,0.17350078492928311,31.849999999999,2025-08-27,59.7
2025-08-28 07:02:00+00:00,2025-08-28 07:42:00+00:00,-1,147.049,147.27450000000002,SL,-23.55000000000109,-1.0843458980044798,22.550000000000068,2025-08-28,41.1
2025-08-29 07:51:00+00:00,2025-08-29 09:30:00+00:00,1,147.129,146.93349999999998,SL,-20.550000000000978,-1.0911508951407174,19.549999999999955,2025-08-29,35.1
2025-09-01 07:36:00+00:00,2025-09-01 08:25:00+00:00,-1,146.817,147.1065,SL,-29.950000000000387,-1.0745423143350965,28.949999999999363,2025-09-01,53.9
2025-09-03 08:19:00+00:00,2025-09-03 09:03:00+00:00,1,148.922,148.66649999999998,SL,-26.550000000001205,-1.079138943248572,25.550000000000182,2025-09-03,47.1
2025-09-04 08:02:00+00:00,2025-09-04 13:15:00+00:00,1,148.292,148.0245,SL,-27.75000000000125,-1.0773831775701315,26.750000000000227,2025-09-04,49.5
2025-09-08 07:17:00+00:00,2025-09-08 13:59:00+00:00,-1,148.011,147.695,TIME,30.60000000000025,0.958368678629686,30.650000000000375,2025-09-08,57.3
2025-09-09 07:01:00+00:00,2025-09-09 07:19:00+00:00,-1,146.85,147.038,SL,-19.80000000000166,-1.0931914893617547,18.800000000000637,2025-09-09,33.6
2025-09-11 07:01:00+00:00,2025-09-11 13:31:00+00:00,1,147.625,147.50549999999998,SL,-12.950000000001637,-1.1236820083682821,11.950000000000614,2025-09-11,19.9
2025-09-12 09:08:00+00:00,2025-09-12 13:59:00+00:00,1,147.572,147.848,TIME,26.600000000001046,1.17184510250574,21.950000000000045,2025-09-12,39.9
2025-09-16 07:01:00+00:00,2025-09-16 13:30:00+00:00,-1,146.946,147.25050000000002,SL,-31.450000000001864,-1.0728407224959275,30.45000000000084,2025-09-16,56.9
2025-09-17 08:18:00+00:00,2025-09-17 09:50:00+00:00,1,146.623,146.4055,SL,-22.750000000000114,-1.0859770114942335,21.75000000000051,2025-09-17,39.5
2025-09-18 07:01:00+00:00,2025-09-18 08:40:00+00:00,1,147.345,147.099,SL,-25.600000000000932,-1.0806504065041067,24.59999999999991,2025-09-18,45.2
2025-09-22 08:27:00+00:00,2025-09-22 13:59:00+00:00,-1,147.922,147.841,TIME,7.099999999998886,0.28199546485254956,22.050000000000523,2025-09-22,40.1
2025-09-23 09:51:00+00:00,2025-09-23 11:30:00+00:00,-1,147.549,147.70200000000003,SL,-16.300000000002,-1.1053594771242456,15.300000000000978,2025-09-23,26.6
2025-09-24 07:13:00+00:00,2025-09-24 13:59:00+00:00,1,147.989,148.67,TIME,67.09999999999832,2.732727272727107,24.20000000000084,2025-09-24,44.4
2025-09-29 07:01:00+00:00,2025-09-29 13:59:00+00:00,-1,148.781,148.605,TIME,16.600000000001614,0.4869841269841754,31.50000000000017,2025-09-29,59.0
2025-09-30 07:01:00+00:00,2025-09-30 13:59:00+00:00,-1,148.264,147.955,TIME,29.89999999999975,1.1608032128513994,24.89999999999992,2025-09-30,45.8
2025-10-01 07:01:00+00:00,2025-10-01 13:59:00+00:00,-1,147.473,146.797,TIME,66.60000000000161,1.825546218487423,35.70000000000033,2025-10-01,67.4
2025-10-02 07:38:00+00:00,2025-10-02 07:41:00+00:00,-1,146.971,147.1825,SL,-22.15000000000009,-1.0872813238770487,21.15000000000049,2025-10-02,38.3
2025-10-03 07:01:00+00:00,2025-10-03 08:37:00+00:00,1,147.794,147.43750000000003,SL,-36.64999999999827,-1.0680504908835804,35.64999999999867,2025-10-03,67.3
2025-10-07 07:13:00+00:00,2025-10-07 13:59:00+00:00,1,150.674,150.832,TIME,14.799999999998704,0.6801946472019168,20.549999999999045,2025-10-07,37.1
2025-10-09 07:10:00+00:00,2025-10-09 10:04:00+00:00,1,152.797,152.5985,SL,-20.849999999999568,-1.0903778337531287,19.849999999999966,2025-10-09,35.7
2025-10-10 07:36:00+00:00,2025-10-10 08:25:00+00:00,-1,152.548,152.886,SL,-34.799999999999386,-1.0695857988165565,33.799999999999784,2025-10-10,63.6
2025-10-13 08:08:00+00:00,2025-10-13 13:59:00+00:00,1,152.093,152.215,TIME,11.20000000000141,0.5418181818182567,19.249999999999943,2025-10-13,34.5
2025-10-16 07:34:00+00:00,2025-10-16 13:59:00+00:00,1,151.161,151.099,TIME,-7.200000000001182,-0.26464898595947556,32.049999999999955,2025-10-16,60.1
2025-10-17 07:01:00+00:00,2025-10-17 12:09:00+00:00,-1,149.761,150.029,SL,-27.800000000000068,-1.0773134328358054,26.800000000000466,2025-10-17,49.6
2025-10-21 07:01:00+00:00,2025-10-21 08:25:00+00:00,1,151.503,151.10299999999998,SL,-41.00000000000057,-1.0650000000000142,40.0,2025-10-21,76.8
2025-10-23 07:57:00+00:00,2025-10-23 13:59:00+00:00,1,152.59,152.534,TIME,-6.60000000000116,-0.22435754189946958,35.80000000000081,2025-10-23,67.6
2025-10-24 07:01:00+00:00,2025-10-24 13:30:00+00:00,1,152.935,152.6955,SL,-24.94999999999925,-1.0817536534446603,23.949999999999648,2025-10-24,43.9
2025-10-31 08:01:00+00:00,2025-10-31 11:04:00+00:00,1,154.288,154.061,SL,-23.700000000000387,-1.0840528634361044,22.700000000000784,2025-10-31,41.4
2025-11-04 08:01:00+00:00,2025-11-04 13:59:00+00:00,-1,153.596,153.386,TIME,20.000000000000796,0.4600000000000199,40.0,2025-11-04,79.5
2025-11-05 10:03:00+00:00,2025-11-05 13:59:00+00:00,1,153.773,153.981,TIME,19.79999999999984,0.454999999999996,40.0,2025-11-05,79.0
2025-11-06 08:01:00+00:00,2025-11-06 13:59:00+00:00,-1,153.763,153.502,TIME,25.099999999999568,1.260518134715087,19.29999999999876,2025-11-06,34.6
2025-11-07 08:01:00+00:00,2025-11-07 11:25:00+00:00,1,153.391,153.1155,SL,-28.549999999999386,-1.0762976406533433,27.549999999999784,2025-11-07,51.1
2025-11-10 08:02:00+00:00,2025-11-10 13:59:00+00:00,1,154.072,154.059,TIME,-2.300000000000523,-0.10488011283499257,35.45000000000056,2025-11-10,66.9
2025-11-12 09:16:00+00:00,2025-11-12 13:59:00+00:00,1,154.805,154.94,TIME,12.49999999999909,0.2801024327784718,39.04999999999927,2025-11-12,74.1
2025-11-13 08:33:00+00:00,2025-11-13 13:59:00+00:00,-1,154.616,154.648,TIME,-4.1999999999982265,-0.23489559164725352,21.549999999999557,2025-11-13,39.1
2025-11-17 08:36:00+00:00,2025-11-17 13:59:00+00:00,1,154.803,154.89,TIME,7.699999999998909,0.334695863746897,20.550000000000466,2025-11-17,37.1
2025-11-18 10:56:00+00:00,2025-11-18 13:26:00+00:00,1,155.416,155.114,SL,-31.19999999999925,-1.0731125827814443,30.199999999999648,2025-11-18,56.4
2025-11-19 08:21:00+00:00,2025-11-19 13:59:00+00:00,1,155.587,156.282,TIME,68.50000000000216,3.326093366093318,20.350000000000932,2025-11-19,36.7
2025-11-21 08:01:00+00:00,2025-11-21 13:59:00+00:00,-1,156.766,156.813,TIME,-5.699999999999704,-0.268456913827642,24.95000000000016,2025-11-21,45.9
2025-11-24 08:01:00+00:00,2025-11-24 13:59:00+00:00,1,156.785,156.913,TIME,11.800000000001432,0.6561651917404839,16.95000000000033,2025-11-24,29.9
2025-11-25 08:40:00+00:00,2025-11-25 13:59:00+00:00,-1,156.553,156.148,TIME,39.500000000000114,1.6480341880342027,23.399999999999864,2025-11-25,42.8
2025-11-26 08:01:00+00:00,2025-11-26 13:59:00+00:00,1,156.405,156.663,TIME,24.800000000000978,0.6109186351706464,38.099999999999,2025-11-26,72.2
2025-11-27 08:22:00+00:00,2025-11-27 13:59:00+00:00,1,156.228,156.265,TIME,2.6999999999977717,0.05747292418764343,27.7000000000005,2025-11-27,51.4
2025-12-01 08:01:00+00:00,2025-12-01 13:59:00+00:00,-1,155.373,154.841,TIME,52.19999999999823,1.601509433962199,31.800000000000182,2025-12-01,59.6
2025-12-02 08:02:00+00:00,2025-12-02 13:59:00+00:00,1,155.805,155.973,TIME,15.800000000000637,0.8501408450704641,17.749999999999886,2025-12-02,31.5
2025-12-03 09:38:00+00:00,2025-12-03 13:59:00+00:00,-1,155.596,155.488,TIME,9.80000000000041,0.7599999999999926,12.250000000000625,2025-12-03,20.5
2025-12-04 08:09:00+00:00,2025-12-04 13:59:00+00:00,-1,155.031,154.802,TIME,21.90000000000134,0.7421428571428907,28.00000000000051,2025-12-04,52.0
2025-12-08 08:01:00+00:00,2025-12-08 13:59:00+00:00,1,155.332,155.629,TIME,28.699999999999704,1.1944086021505702,23.249999999999147,2025-12-08,42.5
2025-12-09 08:01:00+00:00,2025-12-09 09:21:00+00:00,1,156.191,155.988,SL,-21.300000000000296,-1.089261083743821,20.300000000000693,2025-12-09,36.6
2025-12-12 08:53:00+00:00,2025-12-12 13:59:00+00:00,1,155.78,156.046,TIME,25.599999999999113,1.4186894586893788,17.550000000000352,2025-12-12,31.1
2025-12-17 08:01:00+00:00,2025-12-17 13:59:00+00:00,1,155.476,155.435,TIME,-5.099999999999682,-0.18592274678110848,34.94999999999959,2025-12-17,65.9
2025-12-18 08:01:00+00:00,2025-12-18 13:30:00+00:00,1,155.922,155.672,SL,-26.0,-1.0800000000000427,24.999999999998977,2025-12-18,46.0
2025-12-19 08:01:00+00:00,2025-12-19 13:59:00+00:00,1,156.781,157.324,TIME,53.30000000000064,1.607604327666173,32.349999999999966,2025-12-19,60.7
2025-12-30 08:01:00+00:00,2025-12-30 13:17:00+00:00,-1,155.896,156.123,SL,-23.700000000000387,-1.0840528634361697,22.699999999999363,2025-12-30,41.4
2025-12-31 10:10:00+00:00,2025-12-31 13:59:00+00:00,1,156.649,156.81,TIME,15.100000000000136,0.8303170028818825,17.349999999999397,2025-12-31,30.7
2026-01-02 08:09:00+00:00,2026-01-02 13:59:00+00:00,1,156.967,156.904,TIME,-7.30000000000166,-0.3539784946237196,23.25000000000057,2026-01-02,42.5
2026-01-05 08:18:00+00:00,2026-01-05 13:59:00+00:00,-1,156.892,156.825,TIME,5.700000000000728,0.23272727272731672,20.899999999999295,2026-01-05,37.8
2026-01-06 08:06:00+00:00,2026-01-06 11:13:00+00:00,-1,156.225,156.5245,SL,-30.949999999999477,-1.073388981636047,29.949999999999875,2026-01-06,55.9
2026-01-08 08:01:00+00:00,2026-01-08 08:38:00+00:00,-1,156.483,156.66500000000002,SL,-19.200000000001637,-1.0949450549451094,18.200000000000614,2026-01-08,32.4
2026-01-09 08:01:00+00:00,2026-01-09 13:59:00+00:00,1,157.465,157.489,TIME,1.400000000000091,0.009733570159861475,28.149999999999807,2026-01-09,52.3
2026-01-14 08:06:00+00:00,2026-01-14 13:59:00+00:00,-1,159.02,158.595,TIME,41.50000000000114,1.9843902439024719,20.500000000000227,2026-01-14,37.0
2026-01-15 08:12:00+00:00,2026-01-15 09:15:00+00:00,1,158.686,158.45600000000002,SL,-23.999999999998977,-1.0834782608695492,22.999999999999375,2026-01-15,42.0
2026-01-19 08:01:00+00:00,2026-01-19 13:59:00+00:00,1,158.064,157.919,TIME,-15.499999999998181,-0.5867372134038012,28.35000000000076,2026-01-19,52.7
2026-01-20 08:01:00+00:00,2026-01-20 08:31:00+00:00,1,158.27,158.03400000000002,SL,-24.599999999999,-1.0823728813559164,23.599999999999397,2026-01-20,43.2
2026-01-21 08:15:00+00:00,2026-01-21 13:59:00+00:00,-1,157.859,157.884,TIME,-3.4999999999977263,-0.1911879049675038,23.15000000000009,2026-01-21,42.3
2026-01-22 08:01:00+00:00,2026-01-22 13:59:00+00:00,1,158.821,158.699,TIME,-13.199999999998568,-0.4851939291736468,29.649999999999864,2026-01-22,55.3
2026-01-23 08:01:00+00:00,2026-01-23 08:04:00+00:00,-1,158.192,158.36450000000002,SL,-18.250000000001364,-1.0979710144928119,17.25000000000034,2026-01-23,30.5
2026-01-27 08:01:00+00:00,2026-01-27 09:51:00+00:00,1,154.669,154.372,SL,-30.699999999999704,-1.0736700336700202,29.700000000000102,2026-01-27,55.4
2026-01-28 08:28:00+00:00,2026-01-28 08:52:00+00:00,-1,152.444,152.78,SL,-34.60000000000127,-1.0697619047619351,33.60000000000025,2026-01-28,63.2
2026-01-29 08:37:00+00:00,2026-01-29 13:59:00+00:00,1,153.404,153.332,TIME,-8.200000000000273,-0.28624624624625267,33.30000000000024,2026-01-29,62.6
2026-02-02 10:58:00+00:00,2026-02-02 13:04:00+00:00,-1,154.73,155.0675,SL,-34.75000000000057,-1.069629629629617,33.750000000000966,2026-02-02,63.5
2026-02-03 09:11:00+00:00,2026-02-03 13:59:00+00:00,1,155.632,155.881,TIME,23.899999999999523,1.2951955307262912,17.89999999999918,2026-02-03,31.8
2026-02-04 08:01:00+00:00,2026-02-04 13:59:00+00:00,1,156.408,156.478,TIME,6.00000000000216,0.1520000000000754,31.249999999998977,2026-02-04,58.5
2026-02-05 08:01:00+00:00,2026-02-05 12:46:00+00:00,1,157.127,156.9565,SL,-18.05000000000041,-1.098651026393024,17.049999999999386,2026-02-05,30.1
2026-02-06 08:01:00+00:00,2026-02-06 13:59:00+00:00,1,156.87,156.932,TIME,5.19999999999834,0.24571428571418488,18.200000000000614,2026-02-06,32.4
2026-02-13 08:02:00+00:00,2026-02-13 13:30:00+00:00,1,153.458,153.1065,SL,-36.14999999999873,-1.0684495021337022,35.149999999999125,2026-02-13,66.3
2026-02-16 08:01:00+00:00,2026-02-16 13:59:00+00:00,1,153.367,153.334,TIME,-4.299999999998704,-0.20506717850283107,26.049999999999727,2026-02-16,48.1
2026-02-17 08:33:00+00:00,2026-02-17 13:42:00+00:00,-1,152.864,153.22650000000002,SL,-37.25000000000114,-1.0675862068965798,36.250000000000114,2026-02-17,68.5
2026-02-18 08:27:00+00:00,2026-02-18 13:59:00+00:00,1,153.689,153.944,TIME,24.499999999999545,0.690253353204159,33.55000000000001,2026-02-18,63.1
2026-02-20 08:01:00+00:00,2026-02-20 10:56:00+00:00,1,155.452,155.1985,SL,-26.35000000000025,-1.0794477317554074,25.350000000000648,2026-02-20,46.7
2026-02-23 08:01:00+00:00,2026-02-23 13:59:00+00:00,1,154.517,154.622,TIME,9.500000000001819,0.3171428571429321,26.59999999999951,2026-02-23,49.2
2026-02-24 08:01:00+00:00,2026-02-24 13:59:00+00:00,1,156.0,156.056,TIME,4.60000000000116,0.0862002743484506,36.45000000000107,2026-02-24,68.9
2026-02-25 08:14:00+00:00,2026-02-25 13:59:00+00:00,1,156.054,156.694,TIME,62.999999999998636,1.6673170731706772,36.900000000000375,2026-02-25,69.8
2026-02-27 08:01:00+00:00,2026-02-27 13:59:00+00:00,1,156.069,156.17,TIME,9.099999999999909,0.3314285714285548,24.500000000000853,2026-02-27,45.0
2026-03-02 08:01:00+00:00,2026-03-02 13:59:00+00:00,1,156.978,157.518,TIME,52.999999999999204,1.3963143631435952,36.900000000000375,2026-03-02,69.8
2026-03-03 09:26:00+00:00,2026-03-03 13:59:00+00:00,1,157.64,157.801,TIME,15.100000000000136,0.6136796536796637,23.099999999999852,2026-03-03,42.2
2026-03-04 09:43:00+00:00,2026-03-04 13:59:00+00:00,-1,157.148,157.294,TIME,-15.6000000000015,-0.4715352697095894,36.149999999999636,2026-03-04,68.3
2026-03-05 08:01:00+00:00,2026-03-05 13:59:00+00:00,1,157.274,157.761,TIME,47.69999999999948,1.152499999999987,40.0,2026-03-05,76.8
2026-03-06 10:01:00+00:00,2026-03-06 13:30:00+00:00,1,157.892,157.6255,SL,-27.650000000000773,-1.0775234521576373,26.64999999999975,2026-03-06,49.3
2026-03-09 09:35:00+00:00,2026-03-09 12:54:00+00:00,-1,158.272,158.58849999999998,SL,-32.64999999999907,-1.0715955766192613,31.649999999999466,2026-03-09,59.3
2026-03-10 08:01:00+00:00,2026-03-10 08:44:00+00:00,-1,157.329,157.55700000000002,SL,-23.800000000000864,-1.0838596491228523,22.79999999999984,2026-03-10,41.6
2026-03-11 08:49:00+00:00,2026-03-11 13:59:00+00:00,1,158.415,158.477,TIME,5.200000000001182,0.16233463035024467,25.699999999999477,2026-03-11,47.4
2026-03-12 08:01:00+00:00,2026-03-12 13:20:00+00:00,-1,158.76,159.007,SL,-25.70000000000141,-1.080485829959555,24.700000000000387,2026-03-12,45.4
2026-03-16 08:25:00+00:00,2026-03-16 13:59:00+00:00,-1,159.241,158.935,TIME,29.60000000000116,1.3464168618267507,21.350000000000023,2026-03-16,38.7
2026-03-17 08:41:00+00:00,2026-03-17 13:59:00+00:00,-1,159.088,158.873,TIME,20.50000000000034,1.059195710455787,18.64999999999992,2026-03-17,33.3
2026-03-19 08:01:00+00:00,2026-03-19 13:59:00+00:00,-1,159.258,158.221,TIME,102.70000000000061,5.93093023255814,17.200000000000102,2026-03-19,30.4
2026-03-20 08:50:00+00:00,2026-03-20 13:59:00+00:00,1,158.451,159.018,TIME,55.70000000000073,1.4986740331491966,36.199999999999875,2026-03-20,68.4
2026-03-23 08:05:00+00:00,2026-03-23 08:51:00+00:00,1,159.641,159.319,SL,-33.20000000000027,-1.0710559006211506,32.19999999999925,2026-03-23,60.4
2026-03-25 08:01:00+00:00,2026-03-25 08:12:00+00:00,1,159.148,158.905,SL,-25.2999999999995,-1.0811522633744695,24.299999999999898,2026-03-25,44.6
2026-03-27 08:01:00+00:00,2026-03-27 08:42:00+00:00,1,159.95,159.7745,SL,-18.549999999999955,-1.0969800569800332,17.550000000000352,2026-03-27,31.1
2026-03-30 07:06:00+00:00,2026-03-30 13:59:00+00:00,-1,159.646,159.369,TIME,26.69999999999868,0.8022712933753605,31.699999999999704,2026-03-30,59.4
2026-03-31 07:29:00+00:00,2026-03-31 08:19:00+00:00,-1,159.558,159.76749999999998,SL,-21.949999999999136,-1.0877326968973569,20.949999999999534,2026-03-31,37.9
2026-04-01 07:29:00+00:00,2026-04-01 08:57:00+00:00,-1,158.434,158.7335,SL,-30.949999999999477,-1.073388981636047,29.949999999999875,2026-04-01,55.9
2026-04-06 08:49:00+00:00,2026-04-06 13:59:00+00:00,-1,159.498,159.405,TIME,8.299999999998931,0.44396501457720106,17.149999999999864,2026-04-06,30.3
2026-04-07 09:03:00+00:00,2026-04-07 13:59:00+00:00,-1,159.729,159.779,TIME,-5.999999999998295,-0.41974683544291747,15.800000000000523,2026-04-07,27.6
2026-04-08 07:01:00+00:00,2026-04-08 13:59:00+00:00,-1,158.279,158.013,TIME,25.599999999999113,0.683163841807907,35.3999999999989,2026-04-08,66.8
2026-04-09 08:33:00+00:00,2026-04-09 13:59:00+00:00,1,158.969,158.998,TIME,1.8999999999996362,0.04735632183906168,21.75000000000051,2026-04-09,39.5
2026-04-10 07:05:00+00:00,2026-04-10 13:29:00+00:00,1,159.252,159.123,SL,-13.90000000000191,-1.1175193798450354,12.900000000000887,2026-04-10,21.8
2026-04-13 07:04:00+00:00,2026-04-13 12:37:00+00:00,-1,159.626,159.746,SL,-13.000000000000455,-1.1233333333334226,11.999999999999432,2026-04-13,20.0
2026-04-14 08:06:00+00:00,2026-04-14 13:59:00+00:00,-1,158.994,158.713,TIME,27.10000000000059,1.2982716049382708,20.250000000000455,2026-04-14,36.5
2026-04-15 09:17:00+00:00,2026-04-15 10:11:00+00:00,-1,158.731,158.913,SL,-19.200000000001637,-1.0949450549451094,18.200000000000614,2026-04-15,32.4
2026-04-16 07:31:00+00:00,2026-04-16 13:59:00+00:00,1,158.924,159.112,TIME,17.799999999998818,0.4993939393938999,33.00000000000023,2026-04-16,62.0
2026-04-17 07:04:00+00:00,2026-04-17 09:00:00+00:00,1,159.489,159.2705,SL,-22.85000000000059,-1.0857665903890639,21.849999999999568,2026-04-17,39.7
2026-04-20 08:18:00+00:00,2026-04-20 08:45:00+00:00,-1,158.748,158.974,SL,-23.59999999999991,-1.0842477876106014,22.600000000000307,2026-04-20,41.2
2026-04-21 09:00:00+00:00,2026-04-21 13:59:00+00:00,1,159.02,159.178,TIME,14.799999999998704,1.0133807829180053,14.050000000000693,2026-04-21,24.1
2026-04-22 07:55:00+00:00,2026-04-22 09:24:00+00:00,-1,159.15,159.31300000000002,SL,-17.30000000000109,-1.1013496932515963,16.300000000000068,2026-04-22,28.6
2026-04-24 07:41:00+00:00,2026-04-24 09:32:00+00:00,-1,159.647,159.75,SL,-11.300000000000864,-1.1370873786408775,10.29999999999984,2026-04-24,16.6
2026-04-27 09:56:00+00:00,2026-04-27 13:59:00+00:00,-1,159.118,159.227,TIME,-11.900000000000887,-0.5297119341564172,24.299999999999898,2026-04-27,44.6
2026-05-29 07:57:00+00:00,2026-05-29 08:32:00+00:00,-1,159.206,159.3045,SL,-10.850000000000136,-1.141522842639548,9.850000000000534,2026-05-29,15.7
2026-06-03 08:35:00+00:00,2026-06-03 13:34:00+00:00,-1,159.776,159.8865,SL,-12.050000000000182,-1.1304977375565204,11.05000000000058,2026-06-03,18.1
2026-06-08 08:12:00+00:00,2026-06-08 13:59:00+00:00,-1,160.215,159.958,TIME,24.7000000000005,2.5195854922281424,9.64999999999958,2026-06-08,15.3
2026-06-12 07:01:00+00:00,2026-06-12 09:18:00+00:00,1,160.323,160.137,SL,-19.600000000000705,-1.093763440860271,18.59999999999968,2026-06-12,33.2
2026-06-17 08:45:00+00:00,2026-06-17 13:59:00+00:00,-1,160.228,160.245,TIME,-2.6999999999995907,-0.27999999999996117,11.250000000000114,2026-06-17,18.5
2026-06-18 10:00:00+00:00,2026-06-18 10:02:00+00:00,1,160.774,160.6465,SL,-13.749999999999773,-1.1184313725489874,12.75000000000017,2026-06-18,21.5
2026-06-22 07:41:00+00:00,2026-06-22 13:59:00+00:00,1,161.699,161.773,TIME,6.399999999998386,0.36764331210180684,15.700000000000045,2026-06-22,27.4
2026-06-25 07:01:00+00:00,2026-06-25 13:59:00+00:00,1,161.811,161.837,TIME,1.5999999999982037,0.07721611721598387,13.650000000000205,2026-06-25,23.3
2026-06-26 07:01:00+00:00,2026-06-26 07:55:00+00:00,-1,161.584,161.745,SL,-17.100000000000136,-1.1021118012422093,16.100000000000534,2026-06-26,28.2
